Gene_accession no.	class
ant(2'')-Ia_1_X04555	aminoglycoside
ant(2'')-Ia_10_HM367617	aminoglycoside
ant(2'')-Ia_11_HM367620	aminoglycoside
ant(2'')-Ia_12_HQ880250	aminoglycoside
ant(2'')-Ia_13_DQ176450	aminoglycoside
ant(2'')-Ia_14_DQ266447	aminoglycoside
ant(2'')-Ia_15_EF205594	aminoglycoside
ant(2'')-Ia_16_HQ386848	aminoglycoside
ant(2'')-Ia_17_JTTZ01000034	aminoglycoside
ant(2'')-Ia_19_GQ466184	aminoglycoside
ant(2'')-Ia_2_JF826500	aminoglycoside
ant(2'')-Ia_20_AY139599	aminoglycoside
ant(2'')-Ia_3_X74412	aminoglycoside
ant(2'')-Ia_4_AF458082	aminoglycoside
ant(2'')-Ia_5_AY139594	aminoglycoside
ant(2'')-Ia_6_AJ871915	aminoglycoside
ant(2'')-Ia_7_DQ018384	aminoglycoside
ant(2'')-Ia_8_AY920928	aminoglycoside
ant(2'')-Ia_9_HM367610	aminoglycoside
ant(3'')-Ia_1_X02340	aminoglycoside
ant(3'')-Ii-aac(6')-IId_1_AF453998	aminoglycoside
ant(4')-Ib_1_AJ506108	aminoglycoside
ant(4')-IIa_1_M98270	aminoglycoside
ant(4')-IIb_1_AY114142	aminoglycoside
ant(6)-Ia_1_AF330699	aminoglycoside
ant(6)-Ia_2_KF421157	aminoglycoside
ant(6)-Ia_3_KF864551	aminoglycoside
ant(6)-Ia_5_AB247327	aminoglycoside
ant(6)-Ib_1_FN594949	aminoglycoside
ant(9)-Ia_1_X02588	aminoglycoside
ant(9)-Ia_2_M69221	aminoglycoside
aph(2'')-Ia_2_AP009486	aminoglycoside
aph(2'')-Ia_3_AJ536195	aminoglycoside
aph(2'')-Ib_1_AF337947	aminoglycoside
aph(2'')-Ib_2_AF207840	aminoglycoside
aph(2'')-Ib_3_KF652098	aminoglycoside
aph(2'')-Ic_1_U51479	aminoglycoside
aph(2'')-Id_1_AF016483	aminoglycoside
aph(2'')-Ie_1_AY743255	aminoglycoside
aph(2'')-If_1_KF652097	aminoglycoside
aph(2'')-If_2_AY701528	aminoglycoside
aph(2'')-Ig_1_CP004067	aminoglycoside
aph(2'')-Ih_1_KF652096	aminoglycoside
aph(3')-Ia_1_V00359	aminoglycoside
aph(3'')-Ia_1_X53527	aminoglycoside
aph(3')-Ia_10_EU855787	aminoglycoside
aph(3'')-Ia_2_AP009493	aminoglycoside
aph(3')-Ia_2_EU287476	aminoglycoside
aph(3')-Ia_3_EF015636	aminoglycoside
aph(3'')-Ia_3_M37378	aminoglycoside
aph(3')-Ia_4_AF498082	aminoglycoside
aph(3')-Ia_5_AP004237	aminoglycoside
aph(3')-Ia_6_L05392	aminoglycoside
aph(3')-Ia_7_X62115	aminoglycoside
aph(3')-Ia_8_Y00452	aminoglycoside
aph(3')-Ia_9_EU722351	aminoglycoside
aph(3')-Ib_1_M20305	aminoglycoside
aph(3'')-Ib_1_M28829	aminoglycoside
aph(3'')-Ib_2_AF024602	aminoglycoside
aph(3')-Ib_2_AJ744860	aminoglycoside
aph(3'')-Ib_3_AF321550	aminoglycoside
aph(3'')-Ib_4_AF313472	aminoglycoside
aph(3'')-Ib_5_AF321551	aminoglycoside
aph(3'')-Ic_1_DQ336355	aminoglycoside
aph(3')-Id_1_Z48231	aminoglycoside
aph(3')-IIa_1_X57709	aminoglycoside
aph(3')-IIa_2_V00618	aminoglycoside
aph(3')-IIb_1_X90856	aminoglycoside
aph(3')-IIb_2_CP006832	aminoglycoside
aph(3')-IIc_1_AM743169	aminoglycoside
aph(3')-III_1_M26832	aminoglycoside
aph(3')-IIIa_1_AF330699	aminoglycoside
aph(3')-IIIa_2_AJ490186	aminoglycoside
aph(3')-IIIa_3_AB247327	aminoglycoside
aph(3')-IV_1_X03364	aminoglycoside
aph(3')-IX_1_APPN01000061	aminoglycoside
aph(3')-Va_1_K00432	aminoglycoside
aph(3')-Va_2_AB211959	aminoglycoside
aph(3')-Vb_1_M22126	aminoglycoside
aph(3')-Vb_2_AJ744850	aminoglycoside
aph(3')-Vc_1_S81599	aminoglycoside
aph(3')-VI_1_KC170992	aminoglycoside
aph(3')-VI_2_APPJ01000012	aminoglycoside
aph(3')-VIa_1_X07753	aminoglycoside
aph(3')-VIb_1_AJ627643	aminoglycoside
aph(3')-VIIa_1_M29953	aminoglycoside
aph(3')-VIII_1_ATGI01000028	aminoglycoside
aph(3')-XV_1_Y18050	aminoglycoside
aph(3')-XV_2_GQ626879	aminoglycoside
aph(3')-XV_3_EU165039	aminoglycoside
aph(4)-Ia_1_V01499	aminoglycoside
aph(6)-Ia_1_AY971801	aminoglycoside
aph(6)-Ia_2_Y00459	aminoglycoside
aph(6)-Ib_1_X05648	aminoglycoside
aph(6)-Ic_1_X01702	aminoglycoside
aph(6)-Id_1_M28829	aminoglycoside
aph(6)-Id_2_AF024602	aminoglycoside
aph(6)-Id_3_AB109805	aminoglycoside
aph(6)-Id_4_CP000971	aminoglycoside
aph(6)-Id_5_18676889	aminoglycoside
aph(7'')-Ia_1_X03615	aminoglycoside
aph(9)-Ia_1_U94857	aminoglycoside
aph(9)-Ia_2_CR628337	aminoglycoside
aph(9)-Ib_1_U70376	aminoglycoside
armA_1_AY220558	aminoglycoside
fmrO_1_Q08325	aminoglycoside
grmA_1_M55520	aminoglycoside
grmB_1_M55521	aminoglycoside
grmO_1_AY524043	aminoglycoside
kamB_1_AJ629123	aminoglycoside
kgmB_1_S60108	aminoglycoside
kmr_1_ENA_ACB88605	aminoglycoside
npmA_1_AB261016	aminoglycoside
rmtA_1_AB120321	aminoglycoside
rmtB_1_AB103506	aminoglycoside
rmtB2_1_JN968578	aminoglycoside
rmtC_1_AB194779	aminoglycoside
rmtD_1_DQ914960	aminoglycoside
rmtD2_1_HQ401565	aminoglycoside
rmtE_1_GU201947	aminoglycoside
rmtF_1_JQ808129	aminoglycoside
rmtG_1_JX486113	aminoglycoside
rmtH_1_KC544262	aminoglycoside
sgm_1_M87057	aminoglycoside
str_1_X92946	aminoglycoside
str_2_FN435330	aminoglycoside
str_3_AM932524	aminoglycoside
aac(2')-Ia_1_L06156	aminoglycoside
aac(2')-Ib_1_U41471	aminoglycoside
aac(2')-Ic_1_U72714	aminoglycoside
aac(2')-Id_1_U72743	aminoglycoside
aac(2')-Ie_1_NC011896	aminoglycoside
aac(2')-IIa_1_AB669090	aminoglycoside
aac(3)-I_1_AJ877225	aminoglycoside
aac(3)-Ia_1_X15852	aminoglycoside
aac(3)-Ib_1_L06157	aminoglycoside
aac(3)-Ib-aac(6')-Ib_1_AF355189	aminoglycoside
aac(3)-Ic_1_AJ511268	aminoglycoside
aac(3)-Id_1_AB114632	aminoglycoside
aac(3)-If_1_AY884051	aminoglycoside
aac(3)-Ig_1_CP000282	aminoglycoside
aac(3)-Ih_1_CP000490	aminoglycoside
aac(3)-Ii_1_CP000356	aminoglycoside
aac(3)-IIa_1_X51534	aminoglycoside
aac(3)-IIa_2_AY138987	aminoglycoside
aac(3)-IIa_3_X13543	aminoglycoside
aac(3)-IIa_4_L22613	aminoglycoside
aac(3)-IIa_5_FJ012882	aminoglycoside
aac(3)-IIa_6_CP023555	aminoglycoside
aac(3)-IIb_1_M97172	aminoglycoside
aac(3)-IIc_1_X54723	aminoglycoside
aac(3)-IId_1_EU022314	aminoglycoside
aac(3)-IIe_1_EU022315	aminoglycoside
aac(3)-IIIa_1_X55652	aminoglycoside
aac(3)-IIIb_1_L06160	aminoglycoside
aac(3)-IIIb_2_LLLC01000048	aminoglycoside
aac(3)-IIIc_1_L06161	aminoglycoside
aac(3)-IV_1_DQ241380	aminoglycoside
aac(3)-IVa_1_X01385	aminoglycoside
aac(3)-IXa_1_M55427	aminoglycoside
aac(3)-VIa_1_M88012	aminoglycoside
aac(3)-VIa_2_NC_009838	aminoglycoside
aac(3)-VIIa_1_M22999	aminoglycoside
aac(3)-VIII_1_AB211959	aminoglycoside
aac(3)-VIII_2_AJ843080	aminoglycoside
aac(3)-VIII_3_AJ748131	aminoglycoside
aac(3)-VIIIa_1_M55426	aminoglycoside
aac(3)-Xa_1_AB028210	aminoglycoside
aac(3)-XI_1_CTEG01000046	aminoglycoside
aac(6')-29a_1_AF263519	aminoglycoside
aac(6')-29b_1_AF263519	aminoglycoside
aac(6')-30-aac(6')-Ib'_1_AJ584652	aminoglycoside
aac(6')-31_1_AM283489	aminoglycoside
aac(6')-32_1_EF614235	aminoglycoside
aac(6')-33_1_GQ337064	aminoglycoside
aac(6')-aph(2'')_1_M13771	aminoglycoside
aac(6')-I30_1_AY289608	aminoglycoside
aac(6')-Ia_1_M18967	aminoglycoside
aac(6')-Ia_2_M86913	aminoglycoside
aac(6')-Iad_1_AB119105	aminoglycoside
aac(6')-Iae_1_AB104852	aminoglycoside
aac(6')-Iaf_1_AB462903	aminoglycoside
aac(6')-Iag_1_AB472901	aminoglycoside
aac(6')-Iai_1_EU886977	aminoglycoside
aac(6')-Iaj_1_AB709942	aminoglycoside
aac(6')-Iak_1_AB894482	aminoglycoside
aac(6')-Ian_1_AP014611	aminoglycoside
aac(6')-Ib_1_M21682	aminoglycoside
aac(6')-Ib_2_M23634	aminoglycoside
aac(6')-Ib11_1_AY136758	aminoglycoside
aac(6')-Ib3_1_X60321	aminoglycoside
aac(6')-Ib-cr_1_DQ303918	aminoglycoside, quinolone
aac(6')-Ib-cr_2_EF636461	aminoglycoside, quinolone
aac(6')-Ib-Hangzhou_1_FJ503047	aminoglycoside
aac(6')-Ic_1_M94066	aminoglycoside
aac(6')-If_1_X55353	aminoglycoside
aac(6')-Ig_1_L09246	aminoglycoside
aac(6')-Ih_1_L29044	aminoglycoside
aac(6')-Ih_2_KT778788	aminoglycoside
aac(6')-Ii_1_L12710	aminoglycoside
aac(6')-IIa_1_M29695	aminoglycoside
aac(6')-IIb_1_L06163	aminoglycoside
aac(6')-IIc_1_NC_012555	aminoglycoside
aac(6')-Iid_1_AJ584700	aminoglycoside
aac(6')-Iih_1_AJ584701	aminoglycoside
aac(6')-Ij_1_L29045	aminoglycoside
aac(6')-Ik_1_L29510	aminoglycoside
aac(6')-Il_1_U13880	aminoglycoside
aac(6')-Im_1_AF337947	aminoglycoside
aac(6')-Im_2_Z54241	aminoglycoside
aac(6')-Iq_1_AF047556	aminoglycoside
aac(6')-Ir_1_AF031326	aminoglycoside
aac(6')-Is_1_AF031327	aminoglycoside
aac(6')-Isa_1_AB116646	aminoglycoside
aac(6')-It_1_AF031328	aminoglycoside
aac(6')-Iu_1_AF031329	aminoglycoside
aac(6')-Iv_1_AF031330	aminoglycoside
aac(6')-Iw_1_AF031331	aminoglycoside
aac(6')-Ix_1_AF031332	aminoglycoside
aac(6')-Iz_1_AF140221	aminoglycoside
aac(6')-Iz_2_AB971834	aminoglycoside
aac(6')-Iaa_1_NC_003197	aminoglycoside
aacA43_1_HQ247816	aminoglycoside
aadA1_2_FJ591054	aminoglycoside
aadA1_3_JQ414041	aminoglycoside
aadA1_4_JQ480156	aminoglycoside
aadA1_5_JX185132	aminoglycoside
aadA10_1_U37105	aminoglycoside
aadA10_2_AM087405	aminoglycoside
aadA11_1_AY144590	aminoglycoside
aadA11_2_AJ567827	aminoglycoside
aadA12_1_AY665771	aminoglycoside
aadA13_1_AY713504	aminoglycoside
aadA13_2_NC010643	aminoglycoside
aadA14_1_AJ884726	aminoglycoside
aadA15_1_DQ393783	aminoglycoside
aadA16_1_EU675686	aminoglycoside
aadA17_1_FJ460181	aminoglycoside
aadA1b_1_M95287	aminoglycoside
aadA2_1_NC_010870	aminoglycoside
aadA2_2_JQ364967	aminoglycoside
aadA21_1_AY171244	aminoglycoside
aadA22_1_AM261837	aminoglycoside
aadA23_1_AJ809407	aminoglycoside
aadA24_1_AM711129	aminoglycoside
aadA24_1_DQ677333	aminoglycoside
aadA2b_1_D43625	aminoglycoside
aadA3_1_AF047479	aminoglycoside
aadA4_1_Z50802	aminoglycoside
aadA5_1_AF137361	aminoglycoside
aadA6_1_AF140629	aminoglycoside
aadA7_1_AF224733	aminoglycoside
aadA7_2_AB114632	aminoglycoside
aadA8_1_AF326210	aminoglycoside
aadA8b_1_AY139603	aminoglycoside
aadA8b_2_AM040708	aminoglycoside
aadA9_1_AJ420072	aminoglycoside
aadD_1_AF181950	aminoglycoside
aadD_2_M19465	aminoglycoside
aadE-Cc_1_CP013733	aminoglycoside
aadK_1_M26879	aminoglycoside
mecA_1_NC_002745	beta-lactam
mecA_2_NC_002951	beta-lactam
mecA_3_Y13095	beta-lactam
mecA_4_AB546266	beta-lactam
mecA_5_AB546267	beta-lactam
mecA_6_BX571856	beta-lactam
mecA_7_HE861945	beta-lactam
mecA_8_NC_007168	beta-lactam
mecA_9_AB505630	beta-lactam
mecA1_1_AB547235	beta-lactam
mecA1_2_AY820253	beta-lactam
mecA1_3_Y13094	beta-lactam
mecA1_4_AB547236	beta-lactam
mecA1_5_AB547234	beta-lactam
mecA2_1_AM048811	beta-lactam
mecA2_2_AB546780	beta-lactam
mecB_1_NC_011996	beta-lactam
mecC_1_FR821779	beta-lactam
mecC_2_FR823292	beta-lactam
mecC_3_KR732654	beta-lactam
mecC_4_HG515014	beta-lactam
mecC2_1_KF955540	beta-lactam
mecD_1_KY013611	beta-lactam
blaOXA-1_1_HQ170510	beta-lactam
blaOXA-2_1_DQ112222	beta-lactam
blaOXA-2_2_GQ466184	beta-lactam
blaOXA-3_1_L07945	beta-lactam
blaOXA-4_1_AY162283	beta-lactam
blaOXA-5_1_AF347074	beta-lactam
blaOXA-7_1_X75562	beta-lactam
blaOXA-9_1_KQ089875	beta-lactam
blaOXA-10_1_J03427	beta-lactam
blaOXA-11_1_Z22590	beta-lactam
blaOXA-13_1_U59183	beta-lactam
blaOXA-14_1_KJ420612	beta-lactam
blaOXA-15_1_U63835	beta-lactam
blaOXA-16_1_AF043100	beta-lactam
blaOXA-17_1_DQ902344	beta-lactam
blaOXA-18_1_U85514	beta-lactam
blaOXA-19_1_AF043381	beta-lactam
blaOXA-20_1_AY307114	beta-lactam
blaOXA-20_2_AF024602	beta-lactam
blaOXA-21_1_AB626885	beta-lactam
blaOXA-22_1_AF064820	beta-lactam
blaOXA-23_1_AY795964	beta-lactam
blaOXA-24_1_AJ239129	beta-lactam
blaOXA-25_1_AF201826	beta-lactam
blaOXA-26_1_AF201827	beta-lactam
blaOXA-27_1_AF201828	beta-lactam
blaOXA-28_1_AF231133	beta-lactam
blaOXA-29_1_AJ400619	beta-lactam
blaOXA-31_1_AF294653	beta-lactam
blaOXA-32_1_AF315351	beta-lactam
blaOXA-34_1_AF350424	beta-lactam
blaOXA-35_1_AF315786	beta-lactam
blaOXA-36_1_AF300985	beta-lactam
blaOXA-37_1_AY007784	beta-lactam
blaOXA-42_1_AJ488302	beta-lactam
blaOXA-43_1_AJ488303	beta-lactam
blaOXA-45_1_AJ519683	beta-lactam
blaOXA-46_1_AF317511	beta-lactam
blaOXA-47_1_AY237830	beta-lactam
blaOXA-48_1_AY236073	beta-lactam
blaOXA-49_1_AY288523	beta-lactam
blaOXA-50_1_AY306130	beta-lactam
blaOXA-51_1_DQ385606	beta-lactam
blaOXA-53_1_AY289608	beta-lactam
blaOXA-54_1_AY500137	beta-lactam
blaOXA-55_1_AY343493	beta-lactam
blaOXA-56_1_AY445080	beta-lactam
blaOXA-57_1_AJ631966	beta-lactam
blaOXA-58_1_AY665723	beta-lactam
blaOXA-59_1_AJ632249	beta-lactam
blaOXA-60_1_AF525303	beta-lactam
blaOXA-60d_1_AY664506	beta-lactam
blaOXA-60c_1_AY664505	beta-lactam
blaOXA-60b_1_AY664504	beta-lactam
blaOXA-61_1_AY587956	beta-lactam
blaOXA-62_1_AY423074	beta-lactam
blaOXA-63_1_AY619003	beta-lactam
blaOXA-64_1_AY750907	beta-lactam
blaOXA-65_1_AY750908	beta-lactam
blaOXA-66_1_AY750909	beta-lactam
blaOXA-67_1_DQ491200	beta-lactam
blaOXA-68_1_AY750910	beta-lactam
blaOXA-69_1_AY859527	beta-lactam
blaOXA-70_1_AY750912	beta-lactam
blaOXA-71_1_AY750913	beta-lactam
blaOXA-72_1_AY739646	beta-lactam
blaOXA-73_1_AY762325	beta-lactam
blaOXA-74_1_EU161636	beta-lactam
blaOXA-75_1_AY859529	beta-lactam
blaOXA-76_1_AY949203	beta-lactam
blaOXA-77_1_AY949202	beta-lactam
blaOXA-78_1_AY862132	beta-lactam
blaOXA-79_1_EU019534	beta-lactam
blaOXA-80_1_EU019535	beta-lactam
blaOXA-82_1_DQ987479	beta-lactam
blaOXA-83_1_DQ309277	beta-lactam
blaOXA-84_1_DQ309276	beta-lactam
blaOXA-85_1_JANA01000064	beta-lactam
blaOXA-86_1_DQ149247	beta-lactam
blaOXA-87_1_DQ348075	beta-lactam
blaOXA-88_1_DQ392963	beta-lactam
blaOXA-89_1_DQ445683	beta-lactam
blaOXA-90_1_EU547443	beta-lactam
blaOXA-91_1_DQ519086	beta-lactam
blaOXA-92_1_DQ335566	beta-lactam
blaOXA-93_1_DQ519087	beta-lactam
blaOXA-94_1_DQ519088	beta-lactam
blaOXA-95_1_DQ519089	beta-lactam
blaOXA-96_1_DQ519090	beta-lactam
blaOXA-97_1_EF102240	beta-lactam
blaOXA-98_1_EU255288	beta-lactam
blaOXA-99_1_DQ888718	beta-lactam
blaOXA-100_1_AM231720	beta-lactam
blaOXA-101_1_AM412777	beta-lactam
blaOXA-102_1_NZ_LWGP01000001	beta-lactam
blaOXA-103_1_APQF01000011	beta-lactam
blaOXA-104_1_EF581285	beta-lactam
blaOXA-106_1_EF650032	beta-lactam
blaOXA-107_1_LAVJ01000082	beta-lactam
blaOXA-108_1_EF650034	beta-lactam
blaOXA-109_1_EF650035	beta-lactam
blaOXA-110_1_EF650036	beta-lactam
blaOXA-111_1_EF650037	beta-lactam
blaOXA-112_1_EF650038	beta-lactam
blaOXA-113_1_EF653400	beta-lactam
blaOXA-114a_1_EU188842	beta-lactam
blaOXA-114b_1_HM056040	beta-lactam
blaOXA-114c_1_HM056041	beta-lactam
blaOXA-114d_1_HM104633	beta-lactam
blaOXA-114e_1_HM104634	beta-lactam
blaOXA-114f_1_HM368375	beta-lactam
blaOXA-114g_1_HM368376	beta-lactam
blaOXA-115_1_EU029998	beta-lactam
blaOXA-116_1_EU220744	beta-lactam
blaOXA-117_1_GQ423625	beta-lactam
blaOXA-118_1_AF371964	beta-lactam
blaOXA-119_1_DQ767903	beta-lactam
blaOXA-120_1_EU255289	beta-lactam
blaOXA-121_1_EU255290	beta-lactam
blaOXA-122_1_EU255291	beta-lactam
blaOXA-123_1_EU255292	beta-lactam
blaOXA-124_1_EU255293	beta-lactam
blaOXA-125_1_EU255294	beta-lactam
blaOXA-126_1_EU255295	beta-lactam
blaOXA-127_1_EU255296	beta-lactam
blaOXA-128_1_EU375515	beta-lactam
blaOXA-129_1_FJWZ01000025	beta-lactam
blaOXA-130_1_EU547445	beta-lactam
blaOXA-131_1_EU547446	beta-lactam
blaOXA-132_1_EU547447	beta-lactam
blaOXA-133_1_EU571228	beta-lactam
blaOXA-134_1_HQ122933	beta-lactam
blaOXA-136_1_EU086831	beta-lactam
blaOXA-137_1_EU086834	beta-lactam
blaOXA-138_1_EU670845	beta-lactam
blaOXA-139_1_AM991978	beta-lactam
blaOXA-141_1_EF552405	beta-lactam
blaOXA-142_1_LC169567	beta-lactam
blaOXA-143_1_GQ861437	beta-lactam
blaOXA-144_1_FJ872530	beta-lactam
blaOXA-145_1_FJ790516	beta-lactam
blaOXA-146_1_FJ194494	beta-lactam
blaOXA-147_1_FJ848783	beta-lactam
blaOXA-148_1_GQ853679	beta-lactam
blaOXA-149_1_GQ853680	beta-lactam
blaOXA-150_1_GQ853681	beta-lactam
blaOXA-151_1_CP009553	beta-lactam
blaOXA-152_1_KP771980	beta-lactam
blaOXA-153_1_KP771981	beta-lactam
blaOXA-154_1_KP771982	beta-lactam
blaOXA-155_1_KP771983	beta-lactam
blaOXA-156_1_KP771984	beta-lactam
blaOXA-157_1_KP771985	beta-lactam
blaOXA-158_1_KP771986	beta-lactam
blaOXA-159_1_KP771987	beta-lactam
blaOXA-160_1_GU199038	beta-lactam
blaOXA-161_1_GQ202693	beta-lactam
blaOXA-162_1_GU197550	beta-lactam
blaOXA-163_1_HQ700343	beta-lactam
blaOXA-164_1_GU831575	beta-lactam
blaOXA-165_1_HM488986	beta-lactam
blaOXA-166_1_HM488987	beta-lactam
blaOXA-167_1_HM488988	beta-lactam
blaOXA-168_1_HM488989	beta-lactam
blaOXA-169_1_HM488990	beta-lactam
blaOXA-170_1_HM488991	beta-lactam
blaOXA-171_1_HM488992	beta-lactam
blaOXA-172_1_HM113558	beta-lactam
blaOXA-173_1_HM113559	beta-lactam
blaOXA-174_1_HM113560	beta-lactam
blaOXA-175_1_HM113561	beta-lactam
blaOXA-176_1_HM113562	beta-lactam
blaOXA-177_1_HM113563	beta-lactam
blaOXA-178_1_HM113564	beta-lactam
blaOXA-179_1_HM570035	beta-lactam
blaOXA-180_1_HM570036	beta-lactam
blaOXA-181_1_CM004561	beta-lactam
blaOXA-182_1_HM640278	beta-lactam
blaOXA-183_1_HQ111474	beta-lactam
blaOXA-184_1_JQ396378	beta-lactam
blaOXA-185_1_JQ396379	beta-lactam
blaOXA-192_1_JF273470	beta-lactam
blaOXA-193_1_CP013032	beta-lactam
blaOXA-194_1_HQ425492	beta-lactam
blaOXA-195_1_HQ425493	beta-lactam
blaOXA-196_1_HQ425494	beta-lactam
blaOXA-197_1_HQ425495	beta-lactam
blaOXA-198_1_HQ634775	beta-lactam
blaOXA-199_1_JN704570	beta-lactam
blaOXA-200_1_HQ734811	beta-lactam
blaOXA-201_1_HQ734812	beta-lactam
blaOXA-202_1_HQ734813	beta-lactam
blaOXA-203_1_HQ998857	beta-lactam
blaOXA-204_1_KP027885	beta-lactam
blaOXA-205_1_JF800667	beta-lactam
blaOXA-206_1_AB634250	beta-lactam
blaOXA-207_1_LLFS01000355	beta-lactam
blaOXA-208_1_KF305665	beta-lactam
blaOXA-209_1_JF268688	beta-lactam
blaOXA-210_1_JF795487	beta-lactam
blaOXA-211_1_JN861779	beta-lactam
blaOXA-212_1_JN861780	beta-lactam
blaOXA-213_1_JN861781	beta-lactam
blaOXA-214_1_JN861782	beta-lactam
blaOXA-215_1_JN861783	beta-lactam
blaOXA-216_1_FR865168	beta-lactam
blaOXA-217_1_JN603240	beta-lactam
blaOXA-219_1_JN215211	beta-lactam
blaOXA-223_1_JN248564	beta-lactam
blaOXA-224_1_JN412067	beta-lactam
blaOXA-225_1_JN638887	beta-lactam
blaOXA-226_1_FJ617207	beta-lactam
blaOXA-228_1_JQ422053	beta-lactam
blaOXA-229_1_JQ422052	beta-lactam
blaOXA-230_1_JQ422054	beta-lactam
blaOXA-231_1_JQ326200	beta-lactam
blaOXA-232_1_JX423831	beta-lactam
blaOXA-233_1_KJ657570	beta-lactam
blaOXA-234_1_NG_050607	beta-lactam
blaOXA-235_1_JQ820240	beta-lactam
blaOXA-236_1_JQ820242	beta-lactam
blaOXA-237_1_JQ820241	beta-lactam
blaOXA-239_1_JQ837239	beta-lactam
blaOXA-240_1_JX089628	beta-lactam
blaOXA-241_1_JX025021	beta-lactam
blaOXA-242_1_JX025022	beta-lactam
blaOXA-243_1_AFRQ01000031	beta-lactam
blaOXA-244_1_KP659189	beta-lactam
blaOXA-245_1_JX438001	beta-lactam
blaOXA-246_1_EU886980	beta-lactam
blaOXA-247_1_JX893517	beta-lactam
blaOXA-248_1_HE963769	beta-lactam
blaOXA-249_1_HE963770	beta-lactam
blaOXA-250_1_HE963771	beta-lactam
blaOXA-251_1_JN118546	beta-lactam
blaOXA-252_1_NG_050608	beta-lactam
blaOXA-253_1_KC479324	beta-lactam
blaOXA-254_1_AB781687	beta-lactam
blaOXA-255_1_KC479325	beta-lactam
blaOXA-256_1_HE616889	beta-lactam
blaOXA-257_1_KC567681	beta-lactam
blaOXA-258_1_HE614014	beta-lactam
blaOXA-259_1_KF057028	beta-lactam
blaOXA-260_1_APOR01000009	beta-lactam
blaOXA-261_1_APQV01000009	beta-lactam
blaOXA-262_1_APRA01000005	beta-lactam
blaOXA-263_1_APQY01000006	beta-lactam
blaOXA-264_1_APQQ01000012	beta-lactam
blaOXA-265_1_APQR01000003	beta-lactam
blaOXA-266_1_APPO01000008	beta-lactam
blaOXA-267_1_APQH01000006	beta-lactam
blaOXA-268_1_APOE01000008	beta-lactam
blaOXA-269_1_APQJ01000007	beta-lactam
blaOXA-270_1_APQM01000006	beta-lactam
blaOXA-271_1_APQO01000006	beta-lactam
blaOXA-272_1_LSAL01000001	beta-lactam
blaOXA-273_1_APQN01000012	beta-lactam
blaOXA-274_1_APOS01000038	beta-lactam
blaOXA-275_1_APPJ01000001	beta-lactam
blaOXA-276_1_APPI01000013	beta-lactam
blaOXA-277_1_APPQ01000011	beta-lactam
blaOXA-278_1_KC771279	beta-lactam
blaOXA-279_1_APOM01000058	beta-lactam
blaOXA-280_1_APPZ01000001	beta-lactam
blaOXA-281_1_APON01000041	beta-lactam
blaOXA-282_1_APQS01000019	beta-lactam
blaOXA-283_1_AYHO01000005	beta-lactam
blaOXA-284_1_APRU01000004	beta-lactam
blaOXA-285_1_APRY01000059	beta-lactam
blaOXA-286_1_APOI01000030	beta-lactam
blaOXA-287_1_NG_050609	beta-lactam
blaOXA-288_1_APRN01000033	beta-lactam
blaOXA-289_1_APRM01000005	beta-lactam
blaOXA-290_1_APOK01000044	beta-lactam
blaOXA-291_1_APRL01000010	beta-lactam
blaOXA-292_1_APRO01000007	beta-lactam
blaOXA-293_1_NG_050610	beta-lactam
blaOXA-294_1_APPC01000015	beta-lactam
blaOXA-295_1_APRW01000016	beta-lactam
blaOXA-296_1_APOH01000009	beta-lactam
blaOXA-297_1_APRR01000006	beta-lactam
blaOXA-298_1_APSA01000003	beta-lactam
blaOXA-299_1_APQD01000016	beta-lactam
blaOXA-300_1_APPK01000054	beta-lactam
blaOXA-301_1_APQG01000050	beta-lactam
blaOXA-302_1_APRT01000004	beta-lactam
blaOXA-303_1_APSD01000035	beta-lactam
blaOXA-304_1_APSC01000007	beta-lactam
blaOXA-305_1_APPF01000021	beta-lactam
blaOXA-306_1_APSB01000022	beta-lactam
blaOXA-307_1_NG_050611	beta-lactam
blaOXA-308_1_APPN01000080	beta-lactam
blaOXA-309_1_HF947514	beta-lactam
blaOXA-312_1_KF057029	beta-lactam
blaOXA-313_1_KF057030	beta-lactam
blaOXA-314_1_KF057031	beta-lactam
blaOXA-315_1_KF057032	beta-lactam
blaOXA-316_1_KF057033	beta-lactam
blaOXA-317_1_KF057034	beta-lactam
blaOXA-320_1_KF151169	beta-lactam
blaOXA-322_1_KF203096	beta-lactam
blaOXA-323_1_KF203097	beta-lactam
blaOXA-324_1_KF203098	beta-lactam
blaOXA-325_1_KF203099	beta-lactam
blaOXA-326_1_KF203100	beta-lactam
blaOXA-327_1_KF203101	beta-lactam
blaOXA-328_1_KF203102	beta-lactam
blaOXA-329_1_KF203103	beta-lactam
blaOXA-330_1_KF203104	beta-lactam
blaOXA-331_1_KF203105	beta-lactam
blaOXA-332_1_KF203106	beta-lactam
blaOXA-333_1_KF203107	beta-lactam
blaOXA-334_1_KF203108	beta-lactam
blaOXA-335_1_KF203109	beta-lactam
blaOXA-336_1_KF048907	beta-lactam
blaOXA-337_1_KF048908	beta-lactam
blaOXA-338_1_KF048909	beta-lactam
blaOXA-339_1_KF048911	beta-lactam
blaOXA-340_1_KF048912	beta-lactam
blaOXA-341_1_KF048913	beta-lactam
blaOXA-342_1_KF048915	beta-lactam
blaOXA-343_1_KF048916	beta-lactam
blaOXA-344_1_KF048917	beta-lactam
blaOXA-345_1_KF048918	beta-lactam
blaOXA-346_1_KF048919	beta-lactam
blaOXA-347_1_ACWG01000053	beta-lactam
blaOXA-348_1_KF297577	beta-lactam
blaOXA-349_1_KF297578	beta-lactam
blaOXA-350_1_KF297579	beta-lactam
blaOXA-351_1_KF297580	beta-lactam
blaOXA-352_1_KF297581	beta-lactam
blaOXA-353_1_KF297582	beta-lactam
blaOXA-354_1_KF297583	beta-lactam
blaOXA-355_1_KF297584	beta-lactam
blaOXA-356_1_KF297585	beta-lactam
blaOXA-357_1_KF421160	beta-lactam
blaOXA-358_1_KF421161	beta-lactam
blaOXA-359_1_KF421162	beta-lactam
blaOXA-360_1_KF421163	beta-lactam
blaOXA-361_1_KF460531	beta-lactam
blaOXA-362_1_KF460532	beta-lactam
blaOXA-363_1_KF460533	beta-lactam
blaOXA-364_1_JX306689	beta-lactam
blaOXA-365_1_KF885217	beta-lactam
blaOXA-366_1_KP050485	beta-lactam
blaOXA-368_1_KT736121	beta-lactam
blaOXA-370_1_KJ488943	beta-lactam
blaOXA-371_1_AB871653	beta-lactam
blaOXA-372_1_KJ746496	beta-lactam
blaOXA-373_1_HG931732	beta-lactam
blaOXA-374_1_KF986255	beta-lactam
blaOXA-375_1_KF986256	beta-lactam
blaOXA-376_1_KF986257	beta-lactam
blaOXA-377_1_KF986258	beta-lactam
blaOXA-378_1_KF986259	beta-lactam
blaOXA-379_1_KF986260	beta-lactam
blaOXA-380_1_KF986261	beta-lactam
blaOXA-381_1_KJ135344	beta-lactam
blaOXA-382_1_KJ135345	beta-lactam
blaOXA-383_1_KF986262	beta-lactam
blaOXA-384_1_KF986263	beta-lactam
blaOXA-385_1_KF986253	beta-lactam
blaOXA-386_1_KF986254	beta-lactam
blaOXA-387_1_KJ173478	beta-lactam
blaOXA-388_1_KJ135343	beta-lactam
blaOXA-389_1_KJ135346	beta-lactam
blaOXA-390_1_KJ135342	beta-lactam
blaOXA-391_1_KJ427797	beta-lactam
blaOXA-392_1_AB901044	beta-lactam
blaOXA-395_1_AY306133	beta-lactam
blaOXA-396_1_AY306134	beta-lactam
blaOXA-397_1_KM087865	beta-lactam
blaOXA-398_1_KM087842	beta-lactam
blaOXA-400_1_KJ780078	beta-lactam
blaOXA-401_1_KJ780076	beta-lactam
blaOXA-402_1_JX865391	beta-lactam
blaOXA-403_1_KJ920337	beta-lactam
blaOXA-404_1_KJ920338	beta-lactam
blaOXA-405_1_KM589641	beta-lactam
blaOXA-406_1_KJ584915	beta-lactam
blaOXA-407_1_KJ584916	beta-lactam
blaOXA-408_1_KJ584917	beta-lactam
blaOXA-409_1_KJ584918	beta-lactam
blaOXA-410_1_KJ584919	beta-lactam
blaOXA-411_1_KJ584920	beta-lactam
blaOXA-412_1_KJ584921	beta-lactam
blaOXA-413_1_KJ584922	beta-lactam
blaOXA-414_1_KJ584914	beta-lactam
blaOXA-415_1_KJ865754	beta-lactam
blaOXA-416_1_KP264119	beta-lactam
blaOXA-417_1_KM220587	beta-lactam
blaOXA-418_1_KJ997966	beta-lactam
blaOXA-420_1_AB983359	beta-lactam
blaOXA-421_1_KM401566	beta-lactam
blaOXA-422_1_KM433671	beta-lactam
blaOXA-423_1_KM433672	beta-lactam
blaOXA-424_1_KM588352	beta-lactam
blaOXA-425_1_KM588353	beta-lactam
blaOXA-426_1_KM588354	beta-lactam
blaOXA-427_1_KX827604	beta-lactam
blaOXA-429_1_KM979376	beta-lactam
blaOXA-430_1_KM979377	beta-lactam
blaOXA-431_1_KM979378	beta-lactam
blaOXA-432_1_KM979379	beta-lactam
blaOXA-433_1_KM979380	beta-lactam
blaOXA-435_1_KP144324	beta-lactam
blaOXA-436_1_KT959105	beta-lactam
blaOXA-437_1_KP410856	beta-lactam
blaOXA-439_1_KP727573	beta-lactam
blaOXA-440_1_KP727574	beta-lactam
blaOXA-441_1_JX865394	beta-lactam
blaOXA-442_1_KP844571	beta-lactam
blaOXA-443_1_LC030178	beta-lactam
blaOXA-444_1_CP010800	beta-lactam
blaOXA-446_1_KR061495	beta-lactam
blaOXA-447_1_KR061496	beta-lactam
blaOXA-448_1_KR061497	beta-lactam
blaOXA-449_1_KR061498	beta-lactam
blaOXA-450_1_KR061502	beta-lactam
blaOXA-451_1_KR061504	beta-lactam
blaOXA-452_1_KR061505	beta-lactam
blaOXA-453_1_KR061507	beta-lactam
blaOXA-454_1_LC037981	beta-lactam
blaOXA-455_1_KP903885	beta-lactam
blaOXA-457_1_KP903887	beta-lactam
blaOXA-458_1_KP903888	beta-lactam
blaOXA-459_1_KP903889	beta-lactam
blaOXA-460_1_KR061508	beta-lactam
blaOXA-461_1_KR061509	beta-lactam
blaOXA-464_1_KU721146	beta-lactam
blaOXA-465_1_KR061500	beta-lactam
blaOXA-466_1_KR061501	beta-lactam
blaOXA-470_1_KR182163	beta-lactam
blaOXA-471_1_EU086833	beta-lactam
blaOXA-472_1_KR182165	beta-lactam
blaOXA-473_1_KR182166	beta-lactam
blaOXA-474_1_KR182167	beta-lactam
blaOXA-475_1_KR182168	beta-lactam
blaOXA-476_1_KR182169	beta-lactam
blaOXA-477_1_KR182170	beta-lactam
blaOXA-478_1_KR182171	beta-lactam
blaOXA-479_1_KR182172	beta-lactam
blaOXA-480_1_KR872296	beta-lactam
blaOXA-482_1_KP264124	beta-lactam
blaOXA-483_1_KP264125	beta-lactam
blaOXA-484_1_KR401105	beta-lactam
blaOXA-485_1_LLNM01000004	beta-lactam
blaOXA-486_1_AY597426	beta-lactam
blaOXA-488_1_CP017969	beta-lactam
blaOXA-489_1_CP013733	beta-lactam
blaOXA-490_1_KU721147	beta-lactam
blaOXA-491_1_KU721148	beta-lactam
blaOXA-493_1_KU739135	beta-lactam
blaOXA-494_1_AY597430	beta-lactam
blaOXA-496_1_KT200608	beta-lactam
blaOXA-497_1_LKJZ01000136	beta-lactam
blaOXA-499_1_KT964029	beta-lactam
blaOXA-500_1_JMNQ01000002	beta-lactam
blaOXA-501_1_KU167110	beta-lactam
blaOXA-502_1_KU167111	beta-lactam
blaOXA-503_1_KU167109	beta-lactam
blaOXA-505_1_KU531433	beta-lactam
blaOXA-506_1_KU571454	beta-lactam
blaOXA-507_1_KU551305	beta-lactam
blaOXA-508_1_KU596972	beta-lactam
blaOXA-509_1_KU692025	beta-lactam
blaOXA-510_1_JX865393	beta-lactam
blaOXA-511_1_KU710720	beta-lactam
blaOXA-512_1_KU726870	beta-lactam
blaOXA-513_1_KU323972	beta-lactam
blaOXA-514_1_KU866382	beta-lactam
blaOXA-515_1_KU866383	beta-lactam
blaOXA-516_1_KU871391	beta-lactam
blaOXA-517_1_KU878974	beta-lactam
blaOXA-518_1_KU739134	beta-lactam
blaOXA-519_1_KX349732	beta-lactam
blaOXA-520_1_KX388630	beta-lactam
blaOXA-521_1_KX462701	beta-lactam
blaOXA-522_1_KX599408	beta-lactam
blaOXA-523_1_KX599401	beta-lactam
blaOXA-524_1_KX599402	beta-lactam
blaOXA-525_1_KX599406	beta-lactam
blaOXA-526_1_KX599409	beta-lactam
blaOXA-527_1_KX599404	beta-lactam
blaOXA-528_1_KX599407	beta-lactam
blaOXA-529_1_KX599405	beta-lactam
blaOXA-530_1_KX599398	beta-lactam
blaOXA-531_1_KX599400	beta-lactam
blaOXA-532_1_KX609247	beta-lactam
blaOXA-533_1_KX668472	beta-lactam
blaOXA-534_1_KX714285	beta-lactam
blaOXA-535_1_KX828709	beta-lactam
blaOXA-536_1_KX859240	beta-lactam
blaOXA-537_1_KX360747	beta-lactam
blaOXA-538_1_KX827284	beta-lactam
blaOXA-539_1_KY094077	beta-lactam
blaOXA-540_1_KJ138219	beta-lactam
blaOXA-541_1_FM179467	beta-lactam
blaOXA-545_1_KY674541	beta-lactam
blaOXA-546_1_KY682756	beta-lactam
blaOXA-547_1_KY684124	beta-lactam
blaOXA-548_1_KY682750	beta-lactam
blaOXA-549_1_KY682751	beta-lactam
blaOXA-550_1_KY682752	beta-lactam
blaOXA-551_1_KY682753	beta-lactam
blaOXA-552_1_KY682754	beta-lactam
blaOXA-553_1_KY682755	beta-lactam
blaOXA-554_1_KY126221	beta-lactam
blaOXA-555_1_KY126224	beta-lactam
blaOXA-556_1_KY126231	beta-lactam
blaOXA-557_1_KY126232	beta-lactam
blaOXA-558_1_KY126234	beta-lactam
blaOXA-559_1_KY126237	beta-lactam
blaOXA-560_1_KY126238	beta-lactam
blaOXA-561_1_KY126240	beta-lactam
blaOXA-562_1_KY126241	beta-lactam
blaOXA-563_1_KY767021	beta-lactam
blaOXA-564_1_KY767022	beta-lactam
blaOXA-565_1_KY883665	beta-lactam
blaOXA-566_1_MF099636	beta-lactam
blaZ_1_CP000704	beta-lactam
blaZ_2_CP000731	beta-lactam
blaZ_3_CP000732	beta-lactam
blaZ_4_X04121	beta-lactam
blaZ_5_AJ302698	beta-lactam
blaZ_6_AP003139	beta-lactam
blaZ_7_AP004832	beta-lactam
blaZ_8_HE993884	beta-lactam
blaZ_9_DQ269019	beta-lactam
blaZ_10_FR823292	beta-lactam
blaZ_11_AJ400722	beta-lactam
blaZ_12_M15195	beta-lactam
blaZ_13_KF471116	beta-lactam
blaZ_14_JBAG01000015	beta-lactam
blaZ_15_JAZQ01000018	beta-lactam
blaZ_16_JBTH01000015	beta-lactam
blaZ_17_JDDF01000008	beta-lactam
blaZ_18_JBQW01000016	beta-lactam
blaZ_19_JBMK01000007	beta-lactam
blaZ_20_JBVX01000014	beta-lactam
blaZ_21_JGQH01000014	beta-lactam
blaZ_22_JCHI01000035	beta-lactam
blaZ_23_JBND01000015	beta-lactam
blaZ_24_JBLQ01000018	beta-lactam
blaZ_25_JBKK01000017	beta-lactam
blaZ_26_JBJP01000007	beta-lactam
blaZ_27_JDGZ01000043	beta-lactam
blaZ_28_JDYO01000009	beta-lactam
blaZ_29_JDXN01000019	beta-lactam
blaZ_30_JGUQ01000012	beta-lactam
blaZ_31_JIFU01000008	beta-lactam
blaZ_32_JINH01000005	beta-lactam
blaZ_33_JIXQ01000012	beta-lactam
blaZ_34_JJAO01000008	beta-lactam
blaZ_35_JIVZ01000012	beta-lactam
blaZ_36_JITV01000006	beta-lactam
blaZ_37_JIFD01000012	beta-lactam
blaZ_38_NZ_JEMM01000040	beta-lactam
blaZ_39_JHTU01000073	beta-lactam
blaZ_40_NZ_AZBT01000050	beta-lactam
blaZ_41_AENR01000015	beta-lactam
blaZ_42_CCEE01000006	beta-lactam
blaZ_43_NZ_CAVU010000015	beta-lactam
blaZ_44_NZ_JWJJ01000015	beta-lactam
blaZ_45_CP010941	beta-lactam
blaZ_46_CP010944	beta-lactam
blaZ_47_NZ_JYGF01000020	beta-lactam
blaZ_48_CFPA01000022	beta-lactam
blaZ_49_CVLS01000543	beta-lactam
blaZ_50_KR230047	beta-lactam
blaZ_51_NZ_JVWO01000108	beta-lactam
blaZ_52_NZ_JVWM01000127	beta-lactam
blaZ_53_NZ_JUXQ01000001	beta-lactam
blaZ_54_NZ_JVRB01000003	beta-lactam
blaZ_55_NZ_JVLY01000044	beta-lactam
blaZ_56_NZ_JUMU01000089	beta-lactam
blaZ_57_NZ_JURP01000126	beta-lactam
blaZ_58_NZ_JUUA01000057	beta-lactam
blaZ_59_NZ_JVBT01000063	beta-lactam
blaZ_60_NZ_JVML01000111	beta-lactam
blaZ_61_NZ_JVAT01000021	beta-lactam
blaZ_62_NZ_JVOH01000023	beta-lactam
blaZ_63_NZ_JUMX01000103	beta-lactam
blaZ_64_CSJB01000017	beta-lactam
blaZ_65_CSEV01000005	beta-lactam
blaZ_66_CSGM01000014	beta-lactam
blaZ_67_NZ_CTTL01000039	beta-lactam
blaZ_68_NZ_CUHK01000055	beta-lactam
blaZ_69_NZ_CUHB01000033	beta-lactam
blaZ_70_NZ_CUEK01000047	beta-lactam
blaZ_71_NZ_CUGR01000082	beta-lactam
blaZ_72_NZ_CUHG01000035	beta-lactam
blaZ_73_CYNA01000004	beta-lactam
blaZ_74_CZWI01000159	beta-lactam
blaZ_75_LNTF01000008	beta-lactam
blaZ_76_FFOR01000002	beta-lactam
blaZ_77_FGNH01000009	beta-lactam
blaZ_78_KU607301	beta-lactam
blaZ_79_KU607584	beta-lactam
blaZ_80_KU607855	beta-lactam
blaZ_81_FGJZ01000020	beta-lactam
blaZ_82_FGSJ01000003	beta-lactam
blaZ_83_FGWO01000019	beta-lactam
blaZ_84_FHDH01000010	beta-lactam
blaZ_85_NZ_FHDT01000016	beta-lactam
blaZ_86_AIZE01000023	beta-lactam
blaZ_87_NZ_LRNC01000042	beta-lactam
blaZ_88_FKTX01000011	beta-lactam
blaZ_89_FKPS01000007	beta-lactam
blaZ_90_FKVU01000010	beta-lactam
blaZ_91_FKQH01000022	beta-lactam
blaZ_92_FKWG01000001	beta-lactam
blaZ_93_FKQA01000038	beta-lactam
blaZ_94_LYRW01000005	beta-lactam
blaZ_95_MAJJ01000071	beta-lactam
blaZ_96_LNDI01000019	beta-lactam
blaZ_97_FMOK01000003	beta-lactam
blaZ_98_LTEF01000041	beta-lactam
blaZ_99_LTNH01000008	beta-lactam
blaZ_100_LTMH01000008	beta-lactam
blaZ_101_LTLP01000099	beta-lactam
blaZ_102_MLQA01000023	beta-lactam
blaZ_103_FQSJ01000009	beta-lactam
blaZ_104_FQHI01000006	beta-lactam
blaZ_105_FQJS01000007	beta-lactam
blaZ_106_FQHX01000011	beta-lactam
blaZ_107_FQDM01000011	beta-lactam
blaZ_108_FQPO01000005	beta-lactam
blaZ_109_AOAS01000022	beta-lactam
blaZ_110_AJCZ01000013	beta-lactam
blaZ_111_AJCN01000010	beta-lactam
blaZ_112_AKGL01000044	beta-lactam
blaZ_113_AHVS01000008	beta-lactam
blaZ_114_NC_013379	beta-lactam
blaZ_115_FN433596	beta-lactam
blaZ_116_NC_013348	beta-lactam
blaZ_117_ACHE01000004	beta-lactam
blaZ_118_NC_004461	beta-lactam
blaZ_119_NZ_CANQ01000029	beta-lactam
blaZ_120_NZ_ALWG01000005	beta-lactam
blaZ_121_AIWM01000014	beta-lactam
blaZ_122_NZ_AJGE01000057	beta-lactam
blaZ_123_NC_013653	beta-lactam
blaZ_124_NC_013944	beta-lactam
blaZ_125_CP003194	beta-lactam
blaZ_126_NC_013374	beta-lactam
blaZ_127_ACFR01000018	beta-lactam
blaZ_128_GQ900471	beta-lactam
blaZ_130_AHKZ01000073	beta-lactam
blaZ_131_GQ900485	beta-lactam
blaZ_132_AHVO01000010	beta-lactam
blaZ_133_AIDT01000014	beta-lactam
blaZ_134_NZ_AJGE01000047	beta-lactam
blaZ_135_AB811795	beta-lactam
blaZ_136_NZ_ALWE01000009	beta-lactam
blaZ_137_GQ915265	beta-lactam
blaZ_138_CP003979	beta-lactam
blaNDM-1_1_FN396876	beta-lactam
blaNDM-10_1_KF361506	beta-lactam
blaNDM-11_1_KP265939	beta-lactam
blaNDM-12_1_AB926431	beta-lactam
blaNDM-13_1_LC012596	beta-lactam
blaNDM-14_1_KM210086	beta-lactam
blaNDM-15_1_KP735848	beta-lactam
blaNDM-16_1_KP862821	beta-lactam
blaNDM-17_1_KX812714	beta-lactam
blaNDM-18_1_KY503030	beta-lactam
blaNDM-19_1_MF370080	beta-lactam
blaNDM-2_1_JF703135	beta-lactam
blaNDM-20_1_KY654092	beta-lactam
blaNDM-21_1_MG183694	beta-lactam
blaNDM-22_1_MH243357	beta-lactam
blaNDM-23_1_MH450214	beta-lactam
blaNDM-24_1_MH450215	beta-lactam
blaNDM-3_1_JQ734687	beta-lactam
blaNDM-4_1_JQ348841	beta-lactam
blaNDM-5_1_JN104597	beta-lactam
blaNDM-6_1_JN967644	beta-lactam
blaNDM-7_1_JX262694	beta-lactam
blaNDM-8_1_AB744718	beta-lactam
blaNDM-9_1_KC999080	beta-lactam
blaVIM-1_1_Y18050	beta-lactam
blaVIM-2_1_AF302086	beta-lactam
blaVIM-3_1_AF300454	beta-lactam
blaVIM-4_1_EU581706	beta-lactam
blaVIM-5_1_DQ023222	beta-lactam
blaVIM-6_1_AY165025	beta-lactam
blaVIM-7_1_AJ536835	beta-lactam
blaVIM-8_1_AY524987	beta-lactam
blaVIM-9_1_AY524988	beta-lactam
blaVIM-10_1_AY524989	beta-lactam
blaVIM-11_1_AY605049	beta-lactam
blaVIM-12_1_DQ143913	beta-lactam
blaVIM-13_1_DQ365886	beta-lactam
blaVIM-14_1_FJ445404	beta-lactam
blaVIM-15_1_EU419745	beta-lactam
blaVIM-16_1_EU419746	beta-lactam
blaVIM-17_1_EU118148	beta-lactam
blaVIM-18_1_AM778091	beta-lactam
blaVIM-19_1_FJ499397	beta-lactam
blaVIM-20_1_GQ414736	beta-lactam
blaVIM-23_1_GQ242167	beta-lactam
blaVIM-24_1_HM855205	beta-lactam
blaVIM-25_1_HM750249	beta-lactam
blaVIM-26_1_FR748153	beta-lactam
blaVIM-27_1_HQ858608	beta-lactam
blaVIM-28_1_JF900599	beta-lactam
blaVIM-29_1_JX311308	beta-lactam
blaVIM-30_1_JN129451	beta-lactam
blaVIM-31_1_JN982330	beta-lactam
blaVIM-32_1_JN676230	beta-lactam
blaVIM-33_1_JX258134	beta-lactam
blaVIM-34_1_JX013656	beta-lactam
blaVIM-35_1_JX982634	beta-lactam
blaVIM-36_1_JX982635	beta-lactam
blaVIM-37_1_JX982636	beta-lactam
blaVIM-38_1_KC469971	beta-lactam
blaVIM-39_1_KF131539	beta-lactam
blaVIM-40_1_HG934765	beta-lactam
blaVIM-41_1_KP771862	beta-lactam
blaVIM-42_1_KP071470	beta-lactam
blaVIM-43_1_KP096412	beta-lactam
blaVIM-44_1_KP681696	beta-lactam
blaVIM-45_1_KP681695	beta-lactam
blaVIM-46_1_KP749829	beta-lactam
blaVIM-47_1_KT954134	beta-lactam
blaVIM-48_1_KY362199	beta-lactam
blaVIM-49_1_KU663374	beta-lactam
blaVIM-50_1_KU663375	beta-lactam
blaVIM-51_1_KU746270	beta-lactam
blaVIM-52_1_KX349731	beta-lactam
blaVIM-54_1_KY508061	beta-lactam
blaVIM-56_1_MG834535	beta-lactam
blaVIM-57_1_MH450217	beta-lactam
blaIMP-1_1_EF027105	beta-lactam
blaIMP-2_1_AJ243491	beta-lactam
blaIMP-3_1_AB010417	beta-lactam
blaIMP-4_1_AF244145	beta-lactam
blaIMP-5_1_AF290912	beta-lactam
blaIMP-6_1_AB753460	beta-lactam
blaIMP-7_1_AF318077	beta-lactam
blaIMP-8_1_DQ845788	beta-lactam
blaIMP-9_1_FJ655384	beta-lactam
blaIMP-10_1_AB074435	beta-lactam
blaIMP-11_1_AB074436	beta-lactam
blaIMP-12_1_AJ420864	beta-lactam
blaIMP-13_1_AJ550807	beta-lactam
blaIMP-14_1_AY553332	beta-lactam
blaIMP-15_1_AY553333	beta-lactam
blaIMP-16_1_AJ584652	beta-lactam
blaIMP-17_1_AJ512502	beta-lactam
blaIMP-18_1_AY780674	beta-lactam
blaIMP-19_1_EF118171	beta-lactam
blaIMP-20_1_AB196988	beta-lactam
blaIMP-21_1_AB204557	beta-lactam
blaIMP-22_2_DQ361087	beta-lactam
blaIMP-23_1_DQ417222	beta-lactam
blaIMP-24_1_EF192154	beta-lactam
blaIMP-25_1_EU541448	beta-lactam
blaIMP-26_1_GU045307	beta-lactam
blaIMP-27_1_JF894248	beta-lactam
blaIMP-28_1_JQ407409	beta-lactam
blaIMP-29_1_HQ438058	beta-lactam
blaIMP-30_1_KM589497	beta-lactam
blaIMP-31_1_KF148593	beta-lactam
blaIMP-32_1_JQ002629	beta-lactam
blaIMP-33_1_JN848782	beta-lactam
blaIMP-34_1_AB715422	beta-lactam
blaIMP-35_1_JF816544	beta-lactam
blaIMP-37_1_JX131372	beta-lactam
blaIMP-38_1_HQ875573	beta-lactam
blaIMP-40_1_AB753457	beta-lactam
blaIMP-41_1_AB753458	beta-lactam
blaIMP-42_1_AB753456	beta-lactam
blaIMP-43_1_AB777500	beta-lactam
blaIMP-44_1_AB777501	beta-lactam
blaIMP-45_1_EU352796	beta-lactam
blaIMP-48_1_KM087857	beta-lactam
blaIMP-49_1_KP681694	beta-lactam
blaIMP-51_1_LC031883	beta-lactam
blaIMP-52_1_LC055762	beta-lactam
blaIMP-53_1_HM106457	beta-lactam
blaIMP-54_1_KU052795	beta-lactam
blaIMP-55_1_KT935306	beta-lactam
blaIMP-56_1_KU315553	beta-lactam
blaIMP-58_1_KU647281	beta-lactam
blaIMP-59_1_KX196782	beta-lactam
blaIMP-60_1_LC159227	beta-lactam
blaIMP-61_1_KX462700	beta-lactam
blaIMP-62_1_KX753224	beta-lactam
blaIMP-63_1_KX821663	beta-lactam
blaIMP-64_1_KX949735	beta-lactam
blaIMP-66_1_LC190726	beta-lactam
blaIMP-67_1_MF281100	beta-lactam
blaIMP-68_1_MF669572	beta-lactam
blaIMP-70_1_MG748725	beta-lactam
blaIMP-71_1_MG818167	beta-lactam
blaIMP-73_1_MH021848	beta-lactam
blaIMP-74_1_MH243349	beta-lactam
blaIMP-75_1_MH243350	beta-lactam
blaCTX-M-1_1_DQ915955	beta-lactam
blaCTX-M-2_1_AB176535	beta-lactam
blaCTX-M-3_1_Y10278	beta-lactam
blaCTX-M-4_1_Y14156	beta-lactam
blaCTX-M-5_1_U95364	beta-lactam
blaCTX-M-6_1_AJ005044	beta-lactam
blaCTX-M-7_1_AJ005045	beta-lactam
blaCTX-M-8_1_AF189721	beta-lactam
blaCTX-M-9_1_AF174129	beta-lactam
blaCTX-M-10_1_AY598759	beta-lactam
blaCTX-M-12_1_DQ821704	beta-lactam
blaCTX-M-13_2_AF252623	beta-lactam
blaCTX-M-14_1_AF252622	beta-lactam
blaCTX-M-14b_1_DQ359215	beta-lactam
blaCTX-M-15_1_AY044436	beta-lactam
blaCTX-M-16_1_AY029068	beta-lactam
blaCTX-M-17_1_AY033516	beta-lactam
blaCTX-M-19_1_AF325134	beta-lactam
blaCTX-M-20_1_AJ416344	beta-lactam
blaCTX-M-21_1_AJ416346	beta-lactam
blaCTX-M-22_1_AY080894	beta-lactam
blaCTX-M-23_1_AF488377	beta-lactam
blaCTX-M-24_1_EF374096	beta-lactam
blaCTX-M-25_1_AF518567	beta-lactam
blaCTX-M-26_1_AY157676	beta-lactam
blaCTX-M-27_1_AY156923	beta-lactam
blaCTX-M-28_6_AJ549244	beta-lactam
blaCTX-M-29_1_AY267213	beta-lactam
blaCTX-M-30_1_AY292654	beta-lactam
blaCTX-M-31_1_AJ567481	beta-lactam
blaCTX-M-32_2_AJ557142	beta-lactam
blaCTX-M-33_1_AY238472	beta-lactam
blaCTX-M-34_1_AY515297	beta-lactam
blaCTX-M-35_1_AB176532	beta-lactam
blaCTX-M-36_1_AB177384	beta-lactam
blaCTX-M-37_1_AY649755	beta-lactam
blaCTX-M-38_1_AY822595	beta-lactam
blaCTX-M-39_1_AY954516	beta-lactam
blaCTX-M-40_1_AY750914	beta-lactam
blaCTX-M-41_1_DQ023162	beta-lactam
blaCTX-M-42_1_DQ061159	beta-lactam
blaCTX-M-43_1_DQ102702	beta-lactam
blaCTX-M-44_1_D37830	beta-lactam
blaCTX-M-46_1_AY847147	beta-lactam
blaCTX-M-47_1_AY847143	beta-lactam
blaCTX-M-48_1_AY847144	beta-lactam
blaCTX-M-49_1_AY847145	beta-lactam
blaCTX-M-50_1_AY847146	beta-lactam
blaCTX-M-51_1_DQ211987	beta-lactam
blaCTX-M-52_1_DQ223685	beta-lactam
blaCTX-M-53_1_DQ268764	beta-lactam
blaCTX-M-54_1_DQ303459	beta-lactam
blaCTX-M-55_1_DQ810789	beta-lactam
blaCTX-M-56_1_EF374097	beta-lactam
blaCTX-M-58_1_EF210159	beta-lactam
blaCTX-M-59_1_DQ408762	beta-lactam
blaCTX-M-60_1_AM411407	beta-lactam
blaCTX-M-61_1_EF219142	beta-lactam
blaCTX-M-62_1_EF219134	beta-lactam
blaCTX-M-63_1_AB205197	beta-lactam
blaCTX-M-64_1_AB284167	beta-lactam
blaCTX-M-65_1_EF418608	beta-lactam
blaCTX-M-66_1_EF576988	beta-lactam
blaCTX-M-67_1_EF581888	beta-lactam
blaCTX-M-68_1_EU177100	beta-lactam
blaCTX-M-69_1_EU402393	beta-lactam
blaCTX-M-71_1_FJ815436	beta-lactam
blaCTX-M-72_1_AY847148	beta-lactam
blaCTX-M-73_1_DQ343292	beta-lactam
blaCTX-M-74_1_GQ149243	beta-lactam
blaCTX-M-75_1_GQ149244	beta-lactam
blaCTX-M-76_1_AM982520	beta-lactam
blaCTX-M-77_1_AM982521	beta-lactam
blaCTX-M-78_1_AM982522	beta-lactam
blaCTX-M-79_1_EF426798	beta-lactam
blaCTX-M-80_1_EU202673	beta-lactam
blaCTX-M-81_1_EU136031	beta-lactam
blaCTX-M-82_1_DQ256091	beta-lactam
blaCTX-M-83_1_FJ214366	beta-lactam
blaCTX-M-84_1_FJ214367	beta-lactam
blaCTX-M-85_1_FJ214368	beta-lactam
blaCTX-M-86_1_FJ214369	beta-lactam
blaCTX-M-87_1_EU545409	beta-lactam
blaCTX-M-88_1_FJ873739	beta-lactam
blaCTX-M-89_1_FJ971899	beta-lactam
blaCTX-M-90_1_FJ907381	beta-lactam
blaCTX-M-91_1_GQ870432	beta-lactam
blaCTX-M-92_1_GU127598	beta-lactam
blaCTX-M-93_1_HQ166709	beta-lactam
blaCTX-M-94_1_HM167760	beta-lactam
blaCTX-M-95_1_FN813245	beta-lactam
blaCTX-M-96_1_AJ704396	beta-lactam
blaCTX-M-97_1_HM776707	beta-lactam
blaCTX-M-98_1_HM755448	beta-lactam
blaCTX-M-99_1_HM803271	beta-lactam
blaCTX-M-100_1_FR682582	beta-lactam
blaCTX-M-101_1_HQ398214	beta-lactam
blaCTX-M-102_1_HQ398215	beta-lactam
blaCTX-M-103_1_HG423149	beta-lactam
blaCTX-M-104_1_HQ833652	beta-lactam
blaCTX-M-105_1_HQ833651	beta-lactam
blaCTX-M-110_1_JF274242	beta-lactam
blaCTX-M-111_1_JF274243	beta-lactam
blaCTX-M-112_1_JF274246	beta-lactam
blaCTX-M-113_1_JF274247	beta-lactam
blaCTX-M-114_1_GQ351346	beta-lactam
blaCTX-M-116_1_JF966749	beta-lactam
blaCTX-M-117_1_JN227085	beta-lactam
blaCTX-M-121_1_JN790862	beta-lactam
blaCTX-M-122_1_JN790863	beta-lactam
blaCTX-M-123_1_JN790864	beta-lactam
blaCTX-M-124_1_JQ429324	beta-lactam
blaCTX-M-125_1_JQ724542	beta-lactam
blaCTX-M-126_1_AB703103	beta-lactam
blaCTX-M-127_1_MF196229	beta-lactam
blaCTX-M-129_1_JX017364	beta-lactam
blaCTX-M-130_1_JX017365	beta-lactam
blaCTX-M-131_1_JN969893	beta-lactam
blaCTX-M-132_1_JX313020	beta-lactam
blaCTX-M-134_1_JX896165	beta-lactam
blaCTX-M-136_1_KC351754	beta-lactam
blaCTX-M-137_1_KF790923	beta-lactam
blaCTX-M-138_1_KF526119	beta-lactam
blaCTX-M-139_1_KC107824	beta-lactam
blaCTX-M-141_1_KC964871	beta-lactam
blaCTX-M-142_1_KF240809	beta-lactam
blaCTX-M-144_1_KJ020573	beta-lactam
blaCTX-M-146_1_KY938173	beta-lactam
blaCTX-M-147_1_KF513180	beta-lactam
blaCTX-M-148_1_KJ020574	beta-lactam
blaCTX-M-150_1_KF769131	beta-lactam
blaCTX-M-151_1_AB916359	beta-lactam
blaCTX-M-155_1_KM211508	beta-lactam
blaCTX-M-156_1_KM211509	beta-lactam
blaCTX-M-157_1_KM211510	beta-lactam
blaCTX-M-158_1_KM211691	beta-lactam
blaCTX-M-159_1_AB976602	beta-lactam
blaCTX-M-160_1_KP050493	beta-lactam
blaCTX-M-161_1_KP128034	beta-lactam
blaCTX-M-162_1_KP681697	beta-lactam
blaCTX-M-163_1_KP681698	beta-lactam
blaCTX-M-164_1_KP727571	beta-lactam
blaCTX-M-165_1_KP727572	beta-lactam
blaCTX-M-166_1_KU978909	beta-lactam
blaCTX-M-167_1_KR537428	beta-lactam
blaCTX-M-168_1_KR537429	beta-lactam
blaCTX-M-169_1_KR779864	beta-lactam
blaCTX-M-170_1_KR822223	beta-lactam
blaCTX-M-171_1_KT277545	beta-lactam
blaCTX-M-172_1_KT251041	beta-lactam
blaCTX-M-173_1_KT997884	beta-lactam
blaCTX-M-174_1_KT997886	beta-lactam
blaCTX-M-175_1_KT997887	beta-lactam
blaCTX-M-176_1_KT997888	beta-lactam
blaCTX-M-177_1_KT997889	beta-lactam
blaCTX-M-179_1_KU705393	beta-lactam
blaCTX-M-180_1_KX056899	beta-lactam
blaCTX-M-181_1_KX056900	beta-lactam
blaCTX-M-182_1_KX056901	beta-lactam
blaCTX-M-183_1_KX263246	beta-lactam
blaCTX-M-184_1_KX263247	beta-lactam
blaCTX-M-186_1_KX446939	beta-lactam
blaCTX-M-188_1_KX676491	beta-lactam
blaCTX-M-189_1_FJ657512	beta-lactam
blaCTX-M-190_1_KX664469	beta-lactam
blaCTX-M-191_1_KY271097	beta-lactam
blaCTX-M-192_1_KY271098	beta-lactam
blaCTX-M-193_1_KY563766	beta-lactam
blaCTX-M-194_1_KY563767	beta-lactam
blaCTX-M-195_1_KY563768	beta-lactam
blaCTX-M-196_1_KY563769	beta-lactam
blaCTX-M-197_1_KY646303	beta-lactam
blaCTX-M-198_1_KY646304	beta-lactam
blaCTX-M-199_1_KY786032	beta-lactam
blaCTX-M-200_1_KY997188	beta-lactam
blaCTX-M-201_1_KY997189	beta-lactam
blaCTX-M-202_1_MF195067	beta-lactam
blaCTX-M-203_1_MF196230	beta-lactam
blaCTX-M-204_1_MF281085	beta-lactam
blaCTX-M-206_1_KJ802520	beta-lactam
blaCTX-M-207_1_LC348384	beta-lactam
blaCTX-M-208_1_MH067958	beta-lactam
blaCTX-M-209_1_MH067959	beta-lactam
blaCTX-M-210_1_MH067960	beta-lactam
blaCTX-M-211_1_MH067961	beta-lactam
blaCTX-M-212_1_MH067962	beta-lactam
blaCTX-M-213_1_MH094805	beta-lactam
blaCTX-M-214_1_MH121688	beta-lactam
blaCTX-M-216_1_MH243352	beta-lactam
blaCTX-M-217_1_MH243354	beta-lactam
blaCTX-M-218_1_MH243358	beta-lactam
blaCTX-M-219_1_CP019080	beta-lactam
blaCTX-M-220_1_MH450163	beta-lactam
blaKPC-2_1_AY034847	beta-lactam
blaKPC-3_1_HM769262	beta-lactam
blaKPC-4_1_FJ473382	beta-lactam
blaKPC-5_1_EU400222	beta-lactam
blaKPC-6_1_EU555534	beta-lactam
blaKPC-7_1_EU729727	beta-lactam
blaKPC-8_1_FJ234412	beta-lactam
blaKPC-9_1_FJ624872	beta-lactam
blaKPC-10_1_GQ140348	beta-lactam
blaKPC-11_1_HM066995	beta-lactam
blaKPC-12_1_HQ641422	beta-lactam
blaKPC-13_1_HQ342889	beta-lactam
blaKPC-14_1_JX524191	beta-lactam
blaKPC-15_1_KC433553	beta-lactam
blaKPC-16_1_KC465199	beta-lactam
blaKPC-17_1_KC465200	beta-lactam
blaKPC-18_1_KT884517	beta-lactam
blaKPC-19_1_KJ775801	beta-lactam
blaKPC-21_1_LN609376	beta-lactam
blaKPC-22_1_KM379100	beta-lactam
blaKPC-23_1_MH450213	beta-lactam
blaKPC-24_1_KR052099	beta-lactam
blaKPC-25_1_KU216748	beta-lactam
blaKPC-26_1_KX619622	beta-lactam
blaKPC-27_1_KX828722	beta-lactam
blaKPC-28_1_KY282958	beta-lactam
blaKPC-29_1_KY563764	beta-lactam
blaKPC-30_1_KY646302	beta-lactam
blaKPC-31_1_MAPH01000113	beta-lactam
blaKPC-32_1_MAPO01000050	beta-lactam
blaKPC-33_1_CP025144	beta-lactam
blaKPC-34_1_KU985429	beta-lactam
blaKPC-35_1_MH404098	beta-lactam
blaCMY-1_1_X92508	beta-lactam
blaCMY-2_1_X91840	beta-lactam
blaCMY-2b_1_U77414	beta-lactam
blaCMY-4_1_LNHZ01000079	beta-lactam
blaCMY-5_1_Y17716	beta-lactam
blaCMY-6_1_AJ011293	beta-lactam
blaCMY-7_1_DQ173300	beta-lactam
blaCMY-8_1_AB201268	beta-lactam
blaCMY-8b_1_DQ094251	beta-lactam
blaCMY-9_1_AB061794	beta-lactam
blaCMY-10_1_AF381615	beta-lactam
blaCMY-11_1_AF357599	beta-lactam
blaCMY-12_1_Y16785	beta-lactam
blaCMY-13_1_AY339625	beta-lactam
blaCMY-14_1_AJ555825	beta-lactam
blaCMY-15_1_AJ555823	beta-lactam
blaCMY-16_1_AJ781421	beta-lactam
blaCMY-17_1_AY513266	beta-lactam
blaCMY-18_1_AY743434	beta-lactam
blaCMY-19_1_AB194410	beta-lactam
blaCMY-20_1_AY960293	beta-lactam
blaCMY-21_1_DQ139328	beta-lactam
blaCMY-22_1_DQ256079	beta-lactam
blaCMY-23_1_DQ438952	beta-lactam
blaCMY-24_1_EF415650	beta-lactam
blaCMY-25_1_EU515249	beta-lactam
blaCMY-26_1_AB300358	beta-lactam
blaCMY-27_1_EU515250	beta-lactam
blaCMY-28_1_EF561644	beta-lactam
blaCMY-29_1_EF685371	beta-lactam
blaCMY-30_1_LMYO01000054	beta-lactam
blaCMY-31_1_EF622224	beta-lactam
blaCMY-32_1_EU496815	beta-lactam
blaCMY-33_1_EU496816	beta-lactam
blaCMY-34_1_EF394370	beta-lactam
blaCMY-35_1_EF394371	beta-lactam
blaCMY-36_1_EU331426	beta-lactam
blaCMY-37_1_AB280919	beta-lactam
blaCMY-38_1_AM931008	beta-lactam
blaCMY-39_1_AB372224	beta-lactam
blaCMY-40_1_EU515251	beta-lactam
blaCMY-41_1_AB429270	beta-lactam
blaCMY-42_1_HM146927	beta-lactam
blaCMY-43_1_FJ360626	beta-lactam
blaCMY-44_1_FJ437066	beta-lactam
blaCMY-45_1_FN546177	beta-lactam
blaCMY-46_1_FN556186	beta-lactam
blaCMY-47_1_HM046998	beta-lactam
blaCMY-48_1_HM569226	beta-lactam
blaCMY-49_1_GQ402541	beta-lactam
blaCMY-50_1_FN645444	beta-lactam
blaCMY-51_1_JQ733571	beta-lactam
blaCMY-53_1_HQ336940	beta-lactam
blaCMY-54_1_HM544039	beta-lactam
blaCMY-55_1_HM544040	beta-lactam
blaCMY-56_1_HQ322613	beta-lactam
blaCMY-57_1_HQ285243	beta-lactam
blaCMY-58_1_HQ185697	beta-lactam
blaCMY-59_1_NG_048854	beta-lactam
blaCMY-60_1_JF460794	beta-lactam
blaCMY-61_1_JF460795	beta-lactam
blaCMY-62_1_JF460796	beta-lactam
blaCMY-63_1_HQ650104	beta-lactam
blaCMY-64_1_HQ832678	beta-lactam
blaCMY-65_1_JF780936	beta-lactam
blaCMY-66_1_JN714478	beta-lactam
blaCMY-67_1_JQ711185	beta-lactam
blaCMY-68_1_JN714480	beta-lactam
blaCMY-69_1_JX049132	beta-lactam
blaCMY-70_1_JX440350	beta-lactam
blaCMY-71_1_JQ711184	beta-lactam
blaCMY-72_1_JX440352	beta-lactam
blaCMY-73_1_GQ351345	beta-lactam
blaCMY-74_1_JX440349	beta-lactam
blaCMY-75_1_JQ733572	beta-lactam
blaCMY-76_1_JQ733573	beta-lactam
blaCMY-77_1_JX440353	beta-lactam
blaCMY-78_1_JQ733575	beta-lactam
blaCMY-79_1_JQ733576	beta-lactam
blaCMY-80_1_JQ733577	beta-lactam
blaCMY-81_1_JQ733578	beta-lactam
blaCMY-82_1_KJ207203	beta-lactam
blaCMY-83_1_JX440351	beta-lactam
blaCMY-84_1_JQ733579	beta-lactam
blaCMY-85_1_KJ207202	beta-lactam
blaCMY-86_1_KJ207204	beta-lactam
blaCMY-87_1_AB699171	beta-lactam
blaCMY-89_1_HE819403	beta-lactam
blaCMY-90_1_HE819404	beta-lactam
blaCMY-93_1_KF992025	beta-lactam
blaCMY-94_1_JX514368	beta-lactam
blaCMY-95_1_JX514369	beta-lactam
blaCMY-96_1_KC007362	beta-lactam
blaCMY-97_1_KC007363	beta-lactam
blaCMY-99_1_KF305673	beta-lactam
blaCMY-100_1_KF526113	beta-lactam
blaCMY-101_1_KF526114	beta-lactam
blaCMY-102_1_KF526115	beta-lactam
blaCMY-103_1_KF526116	beta-lactam
blaCMY-104_1_KF150216	beta-lactam
blaCMY-105_1_KJ207205	beta-lactam
blaCMY-106_1_KM983294	beta-lactam
blaCMY-107_1_GQ162215	beta-lactam
blaCMY-108_1_KF564648	beta-lactam
blaCMY-109_1_AJ746169	beta-lactam
blaCMY-110_1_AB872957	beta-lactam
blaCMY-111_1_KJ155695	beta-lactam
blaCMY-112_1_KM087837	beta-lactam
blaCMY-113_1_KM087836	beta-lactam
blaCMY-114_1_KM087846	beta-lactam
blaCMY-115_1_KM087839	beta-lactam
blaCMY-116_1_KM087840	beta-lactam
blaCMY-117_1_KM087844	beta-lactam
blaCMY-118_1_KM087838	beta-lactam
blaCMY-119_1_KM087845	beta-lactam
blaCMY-121_1_KM507172	beta-lactam
blaCMY-122_1_KM985460	beta-lactam
blaCMY-124_1_KM985462	beta-lactam
blaCMY-125_1_KM985463	beta-lactam
blaCMY-127_1_KM985465	beta-lactam
blaCMY-128_1_KM985466	beta-lactam
blaCMY-129_1_KM985467	beta-lactam
blaCMY-130_1_KP207589	beta-lactam
blaCMY-131_1_KP281294	beta-lactam
blaCMY-132_1_KP862820	beta-lactam
blaCMY-133_1_KP862819	beta-lactam
blaCMY-134_1_KP860987	beta-lactam
blaCMY-135_1_KP981366	beta-lactam
blaCMY-138_1_KT997883	beta-lactam
blaCMY-139_1_KU641016	beta-lactam
blaCMY-140_1_KX354367	beta-lactam
blaCMY-141_1_KX537750	beta-lactam
blaCMY-142_1_KX881969	beta-lactam
blaCMY-143_1_KY009534	beta-lactam
blaCMY-144_1_KY066478	beta-lactam
blaCMY-145_1_KX470426	beta-lactam
blaCMY-146_1_KX034085	beta-lactam
blaCMY-147_1_KY563765	beta-lactam
blaCMY-148_1_KY624573	beta-lactam
blaCMY-149_1_KY624574	beta-lactam
blaCMY-150_1_QCWX01000028	beta-lactam
blaCMY-151_1_KY780116	beta-lactam
blaCMY-152_1_KY978224	beta-lactam
blaCMY-153_1_MF042206	beta-lactam
blaCMY-154_1_MF196231	beta-lactam
blaCMY-155_1_KR261698	beta-lactam
blaCMY-156_1_MF770636	beta-lactam
blaDHA-1_1_Y16410	beta-lactam
blaDHA-2_1_AF259520	beta-lactam
blaDHA-3_1_AY494945	beta-lactam
blaDHA-4_1_CP026046	beta-lactam
blaDHA-5_1_JF273491	beta-lactam
blaDHA-6_1_HQ322612	beta-lactam
blaDHA-7_1_HQ456945	beta-lactam
blaDHA-9_1_KJ207201	beta-lactam
blaDHA-10_1_KP050490	beta-lactam
blaDHA-12_1_HG798963	beta-lactam
blaDHA-13_1_KM087855	beta-lactam
blaDHA-14_1_DQ478687	beta-lactam
blaDHA-15_1_KM087853	beta-lactam
blaDHA-16_1_KM087852	beta-lactam
blaDHA-17_1_KM087850	beta-lactam
blaDHA-18_1_KM087841	beta-lactam
blaDHA-19_1_KM087849	beta-lactam
blaDHA-20_1_KM087848	beta-lactam
blaDHA-21_1_KM087847	beta-lactam
blaDHA-22_1_KM087856	beta-lactam
blaDHA-23_1_KX068223	beta-lactam
blaDHA-24_1_KU759569	beta-lactam
blaDHA-25_1_KY563770	beta-lactam
blaDHA-26_1_MH067966	beta-lactam
blaDHA-27_1_MH067965	beta-lactam
blaACC-1_1_AJ133121	beta-lactam
blaACC-1_2_HG530658	beta-lactam
blaACC-1a_1_AF180953	beta-lactam
blaACC-1b_1_AF180955	beta-lactam
blaACC-1c_1_AF180959	beta-lactam
blaACC-1d_1_ADCU02000001	beta-lactam
blaACC-2_1_AF180952	beta-lactam
blaACC-3_1_AF180958	beta-lactam
blaACC-4_1_KM087831	beta-lactam
blaACC-5_1_HE819401	beta-lactam
blaACC-7_1_MG028657	beta-lactam
blaTEM-1A_1_HM749966	beta-lactam
blaTEM-1B_1_AY458016	beta-lactam
blaTEM-1C_1_FJ560503	beta-lactam
blaTEM-1D_1_AF188200	beta-lactam
blaTEM-2_1_X54606	beta-lactam
blaTEM-2_2_AJ251946	beta-lactam
blaTEM-3_1_X64523	beta-lactam
blaTEM-4_1_LK391770	beta-lactam
blaTEM-6_1_X57972	beta-lactam
blaTEM-8_1_X65252	beta-lactam
blaTEM-9_1_KY271103	beta-lactam
blaTEM-10_1_AF093512	beta-lactam
blaTEM-11_1_AY874537	beta-lactam
blaTEM-12_1_M88143	beta-lactam
blaTEM-15_1_AM849805	beta-lactam
blaTEM-16_1_X65254	beta-lactam
blaTEM-17_1_Y14574	beta-lactam
blaTEM-19_1_JX042489	beta-lactam
blaTEM-20_1_EU527189	beta-lactam
blaTEM-21_1_Y17582	beta-lactam
blaTEM-22_1_Y17583	beta-lactam
blaTEM-24_1_GQ293500	beta-lactam
blaTEM-26_1_LDCJ01000052	beta-lactam
blaTEM-28_1_U37195	beta-lactam
blaTEM-29_1_DQ269440	beta-lactam
blaTEM-30_1_AJ437107	beta-lactam
blaTEM-32_1_CXLQ01000061	beta-lactam
blaTEM-33_1_GU371926	beta-lactam
blaTEM-34_1_KC292503	beta-lactam
blaTEM-35_1_KP860986	beta-lactam
blaTEM-36_1_KY305958	beta-lactam
blaTEM-40_1_FR717535	beta-lactam
blaTEM-43_1_U95363	beta-lactam
blaTEM-45_1_X95401	beta-lactam
blaTEM-47_1_Y10279	beta-lactam
blaTEM-48_1_Y10280	beta-lactam
blaTEM-49_1_Y10281	beta-lactam
blaTEM-52_1_Y13612	beta-lactam
blaTEM-52B_1_AF027199	beta-lactam
blaTEM-52C_2_EF141186	beta-lactam
blaTEM-53_1_AF104441	beta-lactam
blaTEM-54_1_AF104442	beta-lactam
blaTEM-55_1_DQ286729	beta-lactam
blaTEM-57_1_FJ405211	beta-lactam
blaTEM-60_1_AF047171	beta-lactam
blaTEM-63_1_AF332513	beta-lactam
blaTEM-67_1_AF091113	beta-lactam
blaTEM-68_1_AJ239002	beta-lactam
blaTEM-70_1_AF188199	beta-lactam
blaTEM-71_1_AF203816	beta-lactam
blaTEM-72_1_AF157553	beta-lactam
blaTEM-76_1_AF190694	beta-lactam
blaTEM-77_1_AF190695	beta-lactam
blaTEM-78_1_AF190693	beta-lactam
blaTEM-79_1_AF190692	beta-lactam
blaTEM-80_1_AF347054	beta-lactam
blaTEM-81_1_AF427127	beta-lactam
blaTEM-82_1_AF427128	beta-lactam
blaTEM-83_1_AF427129	beta-lactam
blaTEM-84_1_AF427130	beta-lactam
blaTEM-85_1_AJ277414	beta-lactam
blaTEM-86_1_AJ277415	beta-lactam
blaTEM-87_1_AF250872	beta-lactam
blaTEM-88_1_AY027590	beta-lactam
blaTEM-90_1_AF351241	beta-lactam
blaTEM-91_1_AB049569	beta-lactam
blaTEM-92_1_AF143804	beta-lactam
blaTEM-93_1_AJ318093	beta-lactam
blaTEM-94_1_AJ318094	beta-lactam
blaTEM-95_1_AJ308558	beta-lactam
blaTEM-96_1_AY092401	beta-lactam
blaTEM-97_1_AF397067	beta-lactam
blaTEM-98_1_AF397068	beta-lactam
blaTEM-99_1_AF397066	beta-lactam
blaTEM-101_1_AF495873	beta-lactam
blaTEM-102_1_AY040093	beta-lactam
blaTEM-104_1_AF516719	beta-lactam
blaTEM-105_1_AF516720	beta-lactam
blaTEM-106_1_AY101578	beta-lactam
blaTEM-107_1_AY101764	beta-lactam
blaTEM-108_1_AF506748	beta-lactam
blaTEM-109_1_AY628175	beta-lactam
blaTEM-110_1_AY072920	beta-lactam
blaTEM-111_1_AF468003	beta-lactam
blaTEM-112_1_AY589493	beta-lactam
blaTEM-113_1_AY589494	beta-lactam
blaTEM-114_1_AY589495	beta-lactam
blaTEM-115_1_AF535127	beta-lactam
blaTEM-116_1_AY425988	beta-lactam
blaTEM-120_1_AY243512	beta-lactam
blaTEM-121_1_AY307374	beta-lactam
blaTEM-122_1_AY307100	beta-lactam
blaTEM-123_1_AY327539	beta-lactam
blaTEM-124_1_AY327540	beta-lactam
blaTEM-125_1_AY628176	beta-lactam
blaTEM-126_1_AY628199	beta-lactam
blaTEM-127_1_AY368236	beta-lactam
blaTEM-128_1_AY368237	beta-lactam
blaTEM-129_1_AJ746225	beta-lactam
blaTEM-130_1_AJ866988	beta-lactam
blaTEM-131_1_AY436361	beta-lactam
blaTEM-132_1_AY491682	beta-lactam
blaTEM-133_1_AY528425	beta-lactam
blaTEM-134_1_AY574271	beta-lactam
blaTEM-135_1_GQ896333	beta-lactam
blaTEM-136_1_AY826417	beta-lactam
blaTEM-137_1_AM286274	beta-lactam
blaTEM-138_1_AY853593	beta-lactam
blaTEM-139_1_DQ072853	beta-lactam
blaTEM-141_1_AY956335	beta-lactam
blaTEM-142_1_DQ388882	beta-lactam
blaTEM-143_1_DQ075245	beta-lactam
blaTEM-144_1_AM049400	beta-lactam
blaTEM-145_1_DQ105528	beta-lactam
blaTEM-146_1_DQ105529	beta-lactam
blaTEM-147_1_DQ279850	beta-lactam
blaTEM-148_1_AM087454	beta-lactam
blaTEM-149_1_DQ369751	beta-lactam
blaTEM-150_1_AM183304	beta-lactam
blaTEM-151_1_DQ834729	beta-lactam
blaTEM-152_1_DQ834728	beta-lactam
blaTEM-153_1_KC149518	beta-lactam
blaTEM-154_1_FJ807656	beta-lactam
blaTEM-155_1_DQ679961	beta-lactam
blaTEM-156_1_AM941159	beta-lactam
blaTEM-157_1_DQ909059	beta-lactam
blaTEM-158_1_EF534736	beta-lactam
blaTEM-159_1_EF136376	beta-lactam
blaTEM-160_1_EF136377	beta-lactam
blaTEM-162_1_EF468463	beta-lactam
blaTEM-163_1_EU815939	beta-lactam
blaTEM-164_1_EU274580	beta-lactam
blaTEM-166_1_FJ197316	beta-lactam
blaTEM-167_1_FJ360884	beta-lactam
blaTEM-168_1_FJ919776	beta-lactam
blaTEM-169_1_KP012538	beta-lactam
blaTEM-171_1_GQ149347	beta-lactam
blaTEM-176_1_GU550123	beta-lactam
blaTEM-177_1_FN652295	beta-lactam
blaTEM-178_1_X97254	beta-lactam
blaTEM-181_1_KM977568	beta-lactam
blaTEM-182_1_HQ317449	beta-lactam
blaTEM-183_1_HQ529916	beta-lactam
blaTEM-184_1_FR848831	beta-lactam
blaTEM-185_1_JF795538	beta-lactam
blaTEM-186_1_JN227084	beta-lactam
blaTEM-187_1_HM246246	beta-lactam
blaTEM-188_1_JN211012	beta-lactam
blaTEM-189_1_JN254627	beta-lactam
blaTEM-190_1_JN416112	beta-lactam
blaTEM-191_1_KY432484	beta-lactam
blaTEM-193_1_JN935135	beta-lactam
blaTEM-194_1_JN935136	beta-lactam
blaTEM-195_1_JN935137	beta-lactam
blaTEM-196_1_JQ034306	beta-lactam
blaTEM-197_1_HQ877606	beta-lactam
blaTEM-198_1_AB700703	beta-lactam
blaTEM-201_1_JX310327	beta-lactam
blaTEM-205_1_KC900516	beta-lactam
blaTEM-206_1_KC783461	beta-lactam
blaTEM-207_1_KC818234	beta-lactam
blaTEM-208_1_KC865667	beta-lactam
blaTEM-209_1_KF240808	beta-lactam
blaTEM-210_1_KJ484630	beta-lactam
blaTEM-211_1_KF513179	beta-lactam
blaTEM-212_1_KF481968	beta-lactam
blaTEM-213_1_LJEE02000034	beta-lactam
blaTEM-214_1_KP050491	beta-lactam
blaTEM-215_1_KP050492	beta-lactam
blaTEM-216_1_KF944358	beta-lactam
blaTEM-217_1_HG934763	beta-lactam
blaTEM-219_1_KM114268	beta-lactam
blaTEM-220_1_KM998962	beta-lactam
blaTEM-224_1_KU664545	beta-lactam
blaTEM-225_1_KY432403	beta-lactam
blaTEM-226_1_KY646301	beta-lactam
blaTEM-227_1_KY418040	beta-lactam
blaTEM-229_1_MG821356	beta-lactam
blaTEM-230_1_MG821377	beta-lactam
blaTEM-231_1_MG821378	beta-lactam
blaTEM-232_1_MH079593	beta-lactam
blaTEM-233_1_MH270416	beta-lactam
blaTEM-234_1_MH243353	beta-lactam
blaSHV-1_1_AF148850	beta-lactam
blaSHV-1b-b_1_DQ166783	beta-lactam
blaSHV-2_1_AF148851	beta-lactam
blaSHV-2a_1_X98102	beta-lactam
blaSHV-3_1_KX092356	beta-lactam
blaSHV-5_1_X55640	beta-lactam
blaSHV-7_1_U20270	beta-lactam
blaSHV-8_1_U92041	beta-lactam
blaSHV-9_1_S82452	beta-lactam
blaSHV-11_1_X98101	beta-lactam
blaSHV-12_1_KF976405	beta-lactam
blaSHV-13_1_AF164577	beta-lactam
blaSHV-14_1_AF226622	beta-lactam
blaSHV-15_1_AJ011428	beta-lactam
blaSHV-16_1_AF072684	beta-lactam
blaSHV-18_1_AF132290	beta-lactam
blaSHV-24_1_AB023477	beta-lactam
blaSHV-25_1_AF208796	beta-lactam
blaSHV-26_1_AF227204	beta-lactam
blaSHV-27_1_AF293345	beta-lactam
blaSHV-28_1_AF299299	beta-lactam
blaSHV-29_1_AF301532	beta-lactam
blaSHV-30_1_AY661885	beta-lactam
blaSHV-31_1_AY277255	beta-lactam
blaSHV-32_1_AY037778	beta-lactam
blaSHV-33_1_AY037779	beta-lactam
blaSHV-34_1_AY036620	beta-lactam
blaSHV-35_1_AY070258	beta-lactam
blaSHV-36_1_AF467947	beta-lactam
blaSHV-37_1_AF467948	beta-lactam
blaSHV-38_1_AY079099	beta-lactam
blaSHV-40_1_AF535128	beta-lactam
blaSHV-41_1_AF535129	beta-lactam
blaSHV-42_1_AF535130	beta-lactam
blaSHV-43_1_AY065991	beta-lactam
blaSHV-44_1_AY259119	beta-lactam
blaSHV-45_1_AF547625	beta-lactam
blaSHV-46_1_AY210887	beta-lactam
blaSHV-48_1_AY263404	beta-lactam
blaSHV-49_1_AY528718	beta-lactam
blaSHV-50_1_AY288915	beta-lactam
blaSHV-51_1_AY289548	beta-lactam
blaSHV-52_1_HQ845196	beta-lactam
blaSHV-55_1_DQ054528	beta-lactam
blaSHV-56_1_EU586041	beta-lactam
blaSHV-57_1_AY223863	beta-lactam
blaSHV-59_1_AY790341	beta-lactam
blaSHV-60_1_AB302939	beta-lactam
blaSHV-61_1_AJ866284	beta-lactam
blaSHV-62_1_AJ866285	beta-lactam
blaSHV-63_1_EU342351	beta-lactam
blaSHV-64_1_DQ174304	beta-lactam
blaSHV-65_1_DQ174305	beta-lactam
blaSHV-66_1_DQ174306	beta-lactam
blaSHV-67_1_DQ174307	beta-lactam
blaSHV-69_1_DQ174308	beta-lactam
blaSHV-70_1_DQ013287	beta-lactam
blaSHV-71_1_AM176546	beta-lactam
blaSHV-72_1_AM176547	beta-lactam
blaSHV-73_1_AM176548	beta-lactam
blaSHV-74_1_AM176549	beta-lactam
blaSHV-75_1_AM176550	beta-lactam
blaSHV-76_1_AM176551	beta-lactam
blaSHV-77_1_EF373975	beta-lactam
blaSHV-78_1_AM176553	beta-lactam
blaSHV-79_1_AM176554	beta-lactam
blaSHV-80_1_AM176555	beta-lactam
blaSHV-81_1_AM176556	beta-lactam
blaSHV-82_1_AM176557	beta-lactam
blaSHV-85_1_DQ322460	beta-lactam
blaSHV-86_1_DQ328802	beta-lactam
blaSHV-89_1_DQ193536	beta-lactam
blaSHV-92_1_DQ836922	beta-lactam
blaSHV-93_1_EF373969	beta-lactam
blaSHV-94_1_EF373970	beta-lactam
blaSHV-95_1_EF373972	beta-lactam
blaSHV-96_1_EF373971	beta-lactam
blaSHV-97_1_EF373973	beta-lactam
blaSHV-98_1_AM941844	beta-lactam
blaSHV-99_1_AM941845	beta-lactam
blaSHV-100_1_AM941846	beta-lactam
blaSHV-101_1_EU155018	beta-lactam
blaSHV-102_1_EU024485	beta-lactam
blaSHV-103_1_EU032604	beta-lactam
blaSHV-104_1_EU274581	beta-lactam
blaSHV-105_1_FJ194944	beta-lactam
blaSHV-106_1_AM922307	beta-lactam
blaSHV-107_1_AM922308	beta-lactam
blaSHV-108_1_AM922309	beta-lactam
blaSHV-109_1_EU418913	beta-lactam
blaSHV-110_1_HQ877615	beta-lactam
blaSHV-111_1_AB372881	beta-lactam
blaSHV-119_1_JX192924	beta-lactam
blaSHV-120_1_JF812965	beta-lactam
blaSHV-121_1_GQ428198	beta-lactam
blaSHV-128_1_GU932590	beta-lactam
blaSHV-129_1_GU827715	beta-lactam
blaSHV-132_1_GU981741	beta-lactam
blaSHV-133_1_AB551737	beta-lactam
blaSHV-134_1_HM559945	beta-lactam
blaSHV-135_1_HQ637576	beta-lactam
blaSHV-137_1_HQ661363	beta-lactam
blaSHV-141_1_JQ388884	beta-lactam
blaSHV-142_1_JQ029959	beta-lactam
blaSHV-143_1_JQ341060	beta-lactam
blaSHV-144_1_JQ926986	beta-lactam
blaSHV-145_1_JX013655	beta-lactam
blaSHV-147_1_JX121114	beta-lactam
blaSHV-148_1_JX121115	beta-lactam
blaSHV-149_1_JX121116	beta-lactam
blaSHV-150_1_JX121117	beta-lactam
blaSHV-151_1_JX121118	beta-lactam
blaSHV-152_1_JX121119	beta-lactam
blaSHV-153_1_JX121120	beta-lactam
blaSHV-154_1_JX121121	beta-lactam
blaSHV-155_1_JX121122	beta-lactam
blaSHV-156_1_JX121123	beta-lactam
blaSHV-157_1_JX121124	beta-lactam
blaSHV-158_1_JX121125	beta-lactam
blaSHV-159_1_JX121126	beta-lactam
blaSHV-160_1_JX121127	beta-lactam
blaSHV-161_1_JX121128	beta-lactam
blaSHV-162_1_JX121129	beta-lactam
blaSHV-163_1_JX121130	beta-lactam
blaSHV-164_1_HE981194	beta-lactam
blaSHV-165_1_JX121131	beta-lactam
blaSHV-168_1_JX870080	beta-lactam
blaSHV-172_1_KF513177	beta-lactam
blaSHV-173_1_KF513178	beta-lactam
blaSHV-178_1_KF705209	beta-lactam
blaSHV-179_1_KF705208	beta-lactam
blaSHV-180_1_KP050487	beta-lactam
blaSHV-182_1_KP050489	beta-lactam
blaSHV-183_1_HG934764	beta-lactam
blaSHV-185_1_KM233164	beta-lactam
blaSHV-186_1_KM233165	beta-lactam
blaSHV-187_1_LN515533	beta-lactam
blaSHV-188_1_LN515534	beta-lactam
blaSHV-189_1_KP050494	beta-lactam
blaSHV-190_1_KP868753	beta-lactam
blaSHV-191_1_KP868754	beta-lactam
blaSHV-193_1_KR347170	beta-lactam
blaSHV-194_1_KX421191	beta-lactam
blaSHV-195_1_KX619652	beta-lactam
blaSHV-196_1_KX714286	beta-lactam
blaSHV-197_1_KT946904	beta-lactam
blaSHV-198_1_MF281086	beta-lactam
blaSHV-199_1_MF373391	beta-lactam
blaSHV-200_1_MF871643	beta-lactam
blaSHV-203_1_MG028656	beta-lactam
blaSHV-204_1_MH243356	beta-lactam
blaVMB-1_1_MN719868	beta-lactam
blaVMB-2_1_MN865127	beta-lactam
blaLMB-1_1_MH475146	beta-lactam
blaPAU-1_1_MH053445	beta-lactam
blaKPC-41_1_MK497255	beta-lactam
blaKPC-36_1_MH593787	beta-lactam
blaKPC-40_1_NG_064726:101-988	beta-lactam
blaKPC-37_1_MH718730	beta-lactam
blaKPC-38_1_MK098861	beta-lactam
blaKPC-39_1_MK118771	beta-lactam
blaKLUC-3_1_JX185316	beta-lactam
blaKLUC-4_1_JX185317	beta-lactam
blaKLUC-2_1_EF057432	beta-lactam
sul1_10_DQ143913	folate pathway antagonist
sul1_11_DQ914960	folate pathway antagonist
sul1_14_AJ517791	folate pathway antagonist
sul1_15_EF667294	folate pathway antagonist
sul1_17_AM746675	folate pathway antagonist
sul1_18_AY260546	folate pathway antagonist
sul1_19_DQ125241	folate pathway antagonist
sul1_2_U12338	folate pathway antagonist
sul1_20_JF262165	folate pathway antagonist
sul1_21_AJ971344	folate pathway antagonist
sul1_22_AY115475	folate pathway antagonist
sul1_23_AJ621187	folate pathway antagonist
sul1_24_EU117158	folate pathway antagonist
sul1_25_AY878717	folate pathway antagonist
sul1_26_AY524415	folate pathway antagonist
sul1_27_GU562437	folate pathway antagonist
sul1_28_JN790946	folate pathway antagonist
sul1_29_AJ746361	folate pathway antagonist
sul1_3_EU855787	folate pathway antagonist
sul1_30_JF262178	folate pathway antagonist
sul1_31_AM040449	folate pathway antagonist
sul1_32_EF592571	folate pathway antagonist
sul1_33_AJ564903	folate pathway antagonist
sul1_34_AY047357	folate pathway antagonist
sul1_35_AB281182	folate pathway antagonist
sul1_36_X15024	folate pathway antagonist
sul1_37_AF188331	folate pathway antagonist
sul1_38_BX248359	folate pathway antagonist
sul1_39_AY522923	folate pathway antagonist
sul1_5_EU780013	folate pathway antagonist
sul1_7_FJ715937	folate pathway antagonist
sul1_8_JN581942	folate pathway antagonist
sul1_9_AY963803	folate pathway antagonist
sul2_1_AF542061	folate pathway antagonist
sul2_10_AM183225	folate pathway antagonist
sul2_11_AY232670	folate pathway antagonist
sul2_12_AF497970	folate pathway antagonist
sul2_13_AJ289135	folate pathway antagonist
sul2_14_AJ514834	folate pathway antagonist
sul2_15_FJ968160	folate pathway antagonist
sul2_17_U57647	folate pathway antagonist
sul2_18_AJ830714	folate pathway antagonist
sul2_19_AJ319822	folate pathway antagonist
sul2_2_AY034138	folate pathway antagonist
sul2_20_AJ830710	folate pathway antagonist
sul2_3_HQ840942	folate pathway antagonist
sul2_5_AY524415	folate pathway antagonist
sul2_6_FN995456	folate pathway antagonist
sul2_7_HM486907	folate pathway antagonist
sul2_8_AJ877041	folate pathway antagonist
sul2_9_FJ197818	folate pathway antagonist
sul2_21_AB366440	folate pathway antagonist
sul3_2_AJ459418	folate pathway antagonist
sul4_1_MG649393	folate pathway antagonist
dfrA1_1_FJ591049	folate pathway antagonist
dfrA1_2_HM055363	folate pathway antagonist
dfrA1_3_GU726913	folate pathway antagonist
dfrA1_4_AB188271	folate pathway antagonist
dfrA1_5_EU089668	folate pathway antagonist
dfrA1_6_FJ215857	folate pathway antagonist
dfrA1_7_AJ400733	folate pathway antagonist
dfrA1_8_X00926	folate pathway antagonist
dfrA1_9_AJ238350	folate pathway antagonist
dfrA1_10_AF203818	folate pathway antagonist
dfrA1_11_AJ419168	folate pathway antagonist
dfrA1_12_AY141977	folate pathway antagonist
dfrA1_13_DQ018382	folate pathway antagonist
dfrA1_14_AB199789	folate pathway antagonist
dfrA1_15_FM207631	folate pathway antagonist
dfrA1_16_FJ001872	folate pathway antagonist
dfrA1_17_FJ489928	folate pathway antagonist
dfrA10_1_L06418	folate pathway antagonist
dfrA12_1_FJ763641	folate pathway antagonist
dfrA12_2_KJ546436	folate pathway antagonist
dfrA12_3_KJ568502	folate pathway antagonist
dfrA12_4_EU650399	folate pathway antagonist
dfrA12_5_FR875302	folate pathway antagonist
dfrA12_6_AY551331	folate pathway antagonist
dfrA12_7_AB196348	folate pathway antagonist
dfrA12_8_AM040708	folate pathway antagonist
dfrA12_9_DQ995286	folate pathway antagonist
dfrA12_10_FM877486	folate pathway antagonist
dfrA13_1_Z50802	folate pathway antagonist
dfrA14_1_KF921535	folate pathway antagonist
dfrA14_2_Z50805	folate pathway antagonist
dfrA14_3_Z50804	folate pathway antagonist
dfrA14_4_AF393510	folate pathway antagonist
dfrA14_5_DQ388123	folate pathway antagonist
dfrA15_1_AF156486	folate pathway antagonist
dfrA15_2_AF221900	folate pathway antagonist
dfrA15_3_DQ647028	folate pathway antagonist
dfrA15_4_AJ867237	folate pathway antagonist
dfrA16_1_AF077008	folate pathway antagonist
dfrA16_2_AF174129	folate pathway antagonist
dfrA16_3_AY878718	folate pathway antagonist
dfrA16_4_EU158182	folate pathway antagonist
dfrA17_1_FJ460238	folate pathway antagonist
dfrA17_2_JN645879	folate pathway antagonist
dfrA17_3_JQ414038	folate pathway antagonist
dfrA17_4_JQ837988	folate pathway antagonist
dfrA17_5_GU358475	folate pathway antagonist
dfrA17_6_AF180469	folate pathway antagonist
dfrA17_7_AB196349	folate pathway antagonist
dfrA17_8_AM932673	folate pathway antagonist
dfrA17_9_FJ807902	folate pathway antagonist
dfrA17_10_AM937244	folate pathway antagonist
dfrA17_11_JN645876	folate pathway antagonist
dfrA18_1_AY034138	folate pathway antagonist
dfrA19_1_AJ310778	folate pathway antagonist
dfrA19_2_EU855687	folate pathway antagonist
dfrA20_1_AJ605332	folate pathway antagonist
dfrA21_1_AY552589	folate pathway antagonist
dfrA22_1_KC200566	folate pathway antagonist
dfrA22_2_KF525301	folate pathway antagonist
dfrA22_3_FM957884	folate pathway antagonist
dfrA22_4_AJ628423	folate pathway antagonist
dfrA22_5_AJ968952	folate pathway antagonist
dfrA23_1_AJ746361	folate pathway antagonist
dfrA24_1_AJ972619	folate pathway antagonist
dfrA25_1_DQ267940	folate pathway antagonist
dfrA26_1_AM403715	folate pathway antagonist
dfrA27_1_FJ459817	folate pathway antagonist
dfrA28_2_FM877476	folate pathway antagonist
dfrA29_1_AM237806	folate pathway antagonist
dfrA3_1_J03306	folate pathway antagonist
dfrA30_1_AM997279	folate pathway antagonist
dfrA31_1_AB200915	folate pathway antagonist
dfrA32_1_GU067642	folate pathway antagonist
dfrA34_1_JYRF01000065	folate pathway antagonist
dfrA5_3_KF030794	folate pathway antagonist
dfrA5_2_FJ001870	folate pathway antagonist
dfrA5_4_AY139589	folate pathway antagonist
dfrA5_1_X12868	folate pathway antagonist
dfrA6_1_Z86002	folate pathway antagonist
dfrA6_2_FJ905898	folate pathway antagonist
dfrA7_1_AB161450	folate pathway antagonist
dfrA7_2_AJ884724	folate pathway antagonist
dfrA7_3_EU339235	folate pathway antagonist
dfrA7_4_FN563072	folate pathway antagonist
dfrA7_5_AJ419170	folate pathway antagonist
dfrA8_1_U10186	folate pathway antagonist
dfrA9_1_X57730	folate pathway antagonist
dfrB1_1_U36276	folate pathway antagonist
dfrB1_2_AM993098	folate pathway antagonist
dfrB2_1_J01773	folate pathway antagonist
dfrB2_2_AY553333	folate pathway antagonist
dfrB3_2_FM877478	folate pathway antagonist
dfrB3_1_X72585	folate pathway antagonist
dfrB4_1_AJ429132	folate pathway antagonist
dfrB4_2_EU339233	folate pathway antagonist
dfrB4_3_HQ317921	folate pathway antagonist
dfrB5_1_AY943084	folate pathway antagonist
dfrB6_1_DQ274503	folate pathway antagonist
dfrB7_1_DQ993182	folate pathway antagonist
dfrB8_1_GU295656	folate pathway antagonist
dfrD_1_Z50141	folate pathway antagonist
dfrE_1_CP080326	folate pathway antagonist
dfrG_1_AB205645	folate pathway antagonist
dfrK_1_FN377602	folate pathway antagonist
dfrK_2_FN677369	folate pathway antagonist
dfrK_3_FN812951	folate pathway antagonist
dfrA36_1_CP038791	folate pathway antagonist
dfrA35_1_CP024557	folate pathway antagonist
fosB1_1_CP001903	fosfomycin
fosX_1_AP010904	fosfomycin
fos_1_ACCV01000052	fosfomycin
fosB3_1_HQ219726	fosfomycin
fosB2_1_AE016879	fosfomycin
fosB_1_X54227	fosfomycin
fosB_2_X89875	fosfomycin
fosA5_1_EU195449	fosfomycin
fosA4_1_AB908992	fosfomycin
fosA3_1_AB522970	fosfomycin
fosA2_1_EU487198	fosfomycin
fosA_1_M85195	fosfomycin
fosX_2_AL591981	fosfomycin
fosK_1_AB917040	fosfomycin
fosX_3_CP003505	fosfomycin
fosX_4_DQ342344	fosfomycin
fosG_1_DQ112222	fosfomycin
fosF_1_AY294333	fosfomycin
fosE_1_AB901041	fosfomycin
fosD_1_KC989517	fosfomycin
fosC2_1_AB522969	fosfomycin
fosC_1_Z33413	fosfomycin
fosB_5_AJ605334	fosfomycin
fosA_3_ACWO01000079	fosfomycin
fosA_4_ACWU01000146	fosfomycin
fosA_5_AFBO01000747	fosfomycin
fomB_1_AB016934	fosfomycin
fomA_1_AB016934	fosfomycin
fos_2_FN543093	fosfomycin
fosE_2_AY029772	fosfomycin
fosA7_1_LAPJ01000014	fosfomycin
fosB5_1_KT032253	fosfomycin
fosB6_1_KR870314	fosfomycin
fosB4_1_KR870311	fosfomycin
fosA_7_AEXB01000013	fosfomycin
fosA_2_AGDM01000012	fosfomycin
fosA6_1_KU254579	fosfomycin
fosA_6_ACZD01000244	fosfomycin
fosY_1_MN961674	fosfomycin
VanHAX_1_FJ866609	glycopeptide
VanHAX_2_M97297	glycopeptide
VanHAX_PT_1_DQ018710	glycopeptide
VanHAX_PT_2_AY926880	glycopeptide
VanHAX_PA_1_DQ018711	glycopeptide
VanHAX_NC_1_NoAcc	glycopeptide
VanHBX_2_U35369	glycopeptide
VanHBX_1_AF192329	glycopeptide
VanHDX_7_AB242319	glycopeptide
VanHDX_3_AF175293	glycopeptide
VanHDX_4_AY082011	glycopeptide
VanHDX_5_AY489045	glycopeptide
VanHDX_2_EU999036	glycopeptide
VanHDX_1_AF130997	glycopeptide
VanHDX_6_DQ172830	glycopeptide
VanE_1_AF136925	glycopeptide
VanEXY_1_FJ872411	glycopeptide
VanGXY_1_AY271782	glycopeptide
VanG2XY_1_FJ872410	glycopeptide
VanLXY_1_EU250284	glycopeptide
VanHMX_1_FJ349556	glycopeptide
VanNXY_1_JF802084	glycopeptide
VanHOX_1_KF478993	glycopeptide
lmr(A)_1_X59926	lincosamide
lnu(B)_2_JQ861959	lincosamide
lsa(A)_1_AY225127	lincosamide, streptogramin a
lsa(A)_3_AY737526	lincosamide, streptogramin a
lsa(B)_1_AJ579365	lincosamide, streptogramin a
lsa(C)_1_HM990671	lincosamide, streptogramin a, pleuromutilin
lsa(E)_1_JX560992	lincosamide, streptogramin a, pleuromutilin
vga(A)_1_M90056	lincosamide, streptogramin a, pleuromutilin
vga(A)_2_FN546261	lincosamide, streptogramin a, pleuromutilin
vga(A)_3_JQ312422	lincosamide, streptogramin a, pleuromutilin
vga(A)V_1_AF186237	lincosamide, streptogramin a, pleuromutilin
vga(A)LC_3_FN806791	lincosamide, streptogramin a, pleuromutilin
vga(A)LC_1_GQ891882	lincosamide, streptogramin a, pleuromutilin
vga(A)LC_2_DQ823382	lincosamide, streptogramin a, pleuromutilin
vga(A)LC_4_JQ312423	lincosamide, streptogramin a, pleuromutilin
vga(C)_1_FN806792	lincosamide, streptogramin a, pleuromutilin
vga(E)_1_FR772051	lincosamide, streptogramin a, pleuromutilin
sal(A)_1_KC693025	lincosamide, streptogramin a, pleuromutilin
lnu(A)_1_M14039	lincosamide
lnu(B)_1_AJ238249	lincosamide
lnu(C)_1_AY928180	lincosamide
lnu(D)_1_EF452177	lincosamide
lnu(E)_1_KF287643	lincosamide
lnu(F)_1_EU118119	lincosamide
lnu(F)_2_DQ836009	lincosamide
lnu(F)_3_AJ561197	lincosamide
lnu(G)_1_KX470419	lincosamide
lnu(P)_1_FJ589781	lincosamide
car(A)_1_M80346	macrolide
mef(A)_3_AF227520	macrolide
mef(A)_2_U83667	macrolide
mef(A)_1_AJ971089	macrolide
mef(A)_4_HG423652	macrolide
mef(B)_1_FJ196385	macrolide
mef(C)_1_AB571865	macrolide
ole(B)_1_L36601	macrolide
ole(C)_1_L06249	macrolide
srm(B)_1_X63451	macrolide
tlr(C)_1_M57437	macrolide
ere(A)_1_AY183453	macrolide
ere(A)_2_AF099140	macrolide
ere(A)_3_AF326209	macrolide
ere(A)_4_AF512546	macrolide
ere(A)_5_FN396877	macrolide
ere(A)_6_DQ157752	macrolide
ere(B)_2_X03988	macrolide
ere(B)_1_A15097	macrolide
ere(D)_1_KP265721	macrolide
mph(A)_1_D16251	macrolide
mph(A)_2_U36578	macrolide
mph(B)_1_D85892	macrolide
mph(C)_1_AB013298	macrolide
mph(C)_2_AF167161	macrolide
mph(C)_3_AM180068	macrolide
mph(C)_4_AM397632	macrolide
mph(C)_5_AM180067	macrolide
mph(D)_1_AB048591	macrolide
mph(E)_1_DQ839391	macrolide
mph(E)_2_JF769133	macrolide
mph(F)_1_AM260957	macrolide
mph(G)_1_AB571865	macrolide
mph(I)_1_KX531056	macrolide
mph(J)_1_KY753883	macrolide
mph(K)_1_NC_000964	macrolide
mph(N)_1_KF648874	macrolide
mre(A)_1_U92073	macrolide
erm(44)v_1_LN623525	macrolide, lincosamide
mdt(A)_1_X92946	macrolide, lincosamide, streptogramin a, streptogramin b, tetracycline
erm(A)_1_X03216	macrolide, lincosamide, streptogramin b
erm(A)_2_AF002716	macrolide, lincosamide, streptogramin b
erm(A)_3_EU348758	macrolide, lincosamide, streptogramin b
erm(B)_1_JN899585	macrolide, lincosamide, streptogramin b
erm(B)_2_K00551	macrolide, lincosamide, streptogramin b
erm(B)_6_AF242872	macrolide, lincosamide, streptogramin b
erm(B)_9_AF299292	macrolide, lincosamide, streptogramin b
erm(B)_10_U86375	macrolide, lincosamide, streptogramin b
erm(B)_11_M19270	macrolide, lincosamide, streptogramin b
erm(B)_12_U18931	macrolide, lincosamide, streptogramin b
erm(B)_15_U48430	macrolide, lincosamide, streptogramin b
erm(B)_18_X66468	macrolide, lincosamide, streptogramin b
erm(B)_20_AF109075	macrolide, lincosamide, streptogramin b
erm(B)_21_U35228	macrolide, lincosamide, streptogramin b
erm(B)_22_X52632	macrolide, lincosamide, streptogramin b
erm(B)_23_X72021	macrolide, lincosamide, streptogramin b
erm(B)_26_AF080450	macrolide, lincosamide, streptogramin b
erm(C)_1_V01278	macrolide, lincosamide, streptogramin b
erm(C)_2_M19652	macrolide, lincosamide, streptogramin b
erm(C)_3_M17990	macrolide, lincosamide, streptogramin b
erm(C)_9_Y09001	macrolide, lincosamide, streptogramin b
erm(C)_10_Y09002	macrolide, lincosamide, streptogramin b
erm(C)_12_Y09003	macrolide, lincosamide, streptogramin b
erm(C)_13_M13761	macrolide, lincosamide, streptogramin b
erm(C)_14_M12730	macrolide, lincosamide, streptogramin b
erm(C)_15_U82607	macrolide, lincosamide, streptogramin b
erm(C)_16_AF019140	macrolide, lincosamide, streptogramin b
erm(D)_1_M29832	macrolide, lincosamide, streptogramin b
erm(D)_2_L08389	macrolide, lincosamide, streptogramin b
erm(D)_3_M77505	macrolide, lincosamide, streptogramin b
erm(E)_1_X51891	macrolide, lincosamide, streptogramin b
erm(E)_2_M11200	macrolide, lincosamide, streptogramin b
erm(F)_1_M14730	macrolide, lincosamide, streptogramin b
erm(F)_3_M17808	macrolide, lincosamide, streptogramin b
erm(F)_4_M62487	macrolide, lincosamide, streptogramin b
erm(G)_1_M15332	macrolide, lincosamide, streptogramin b
erm(G)_2_L42817	macrolide, lincosamide, streptogramin b
erm(H)_1_M16503	macrolide, lincosamide, streptogramin b
erm(N)_1_X97721	macrolide, lincosamide, streptogramin b
erm(N)_2_MZ015744	macrolide, lincosamide, streptogramin b
erm(O)_1_M74717	macrolide, lincosamide, streptogramin b
erm(O)_2_AJ223970	macrolide, lincosamide, streptogramin b
erm(Q)_1_L22689	macrolide, lincosamide, streptogramin b
erm(R)_1_M11276	macrolide, lincosamide, streptogramin b
erm(S)_1_M19269	macrolide, lincosamide, streptogramin b
erm(T)_1_M64090	macrolide, lincosamide, streptogramin b
erm(T)_2_AY894138	macrolide, lincosamide, streptogramin b
erm(T)_3_AF310974	macrolide, lincosamide, streptogramin b
erm(T)_4_AJ488494	macrolide, lincosamide, streptogramin b
erm(U)_1_NG_047843	macrolide, lincosamide, streptogramin b
erm(V)_1_U59450	macrolide, lincosamide, streptogramin b
erm(W)_1_D14532	macrolide, lincosamide, streptogramin b
erm(X)_1_M36726	macrolide, lincosamide, streptogramin b
erm(X)_2_X51472	macrolide, lincosamide, streptogramin b
erm(X)_3_U21300	macrolide, lincosamide, streptogramin b
erm(X)_4_NC_005206	macrolide, lincosamide, streptogramin b
erm(Y)_1_AB014481	macrolide, lincosamide, streptogramin b
erm(Z)_1_AM709783	macrolide, lincosamide, streptogramin b
erm(30)_1_AF079138	macrolide, lincosamide, streptogramin b
erm(31)_1_AF079138	macrolide, lincosamide, streptogramin b
erm(32)_1_AJ009971	macrolide, lincosamide, streptogramin b
erm(33)_1_AJ579365	macrolide, lincosamide, streptogramin b
erm(34)_1_AY234334	macrolide, lincosamide, streptogramin b
erm(35)_1_AF319779	macrolide, lincosamide, streptogramin b
erm(36)_1_AF462611	macrolide, lincosamide, streptogramin b
erm(37)_1_AL123456	macrolide, lincosamide, streptogramin b
erm(38)_1_AY154657	macrolide, lincosamide, streptogramin b
erm(39)_1_AY487229	macrolide, lincosamide, streptogramin b
erm(40)_1_AY570506	macrolide, lincosamide, streptogramin b
erm(42)_1_FR734406	macrolide, lincosamide, streptogramin b
erm(42)_2_AB601890	macrolide, lincosamide, streptogramin b
erm(43)_1_HE650138	macrolide, lincosamide, streptogramin b
erm(44)_1_HG796218	macrolide, lincosamide, streptogramin b
erm(45)_1_LN680996	macrolide, lincosamide, streptogramin b
erm(46)_1_KM679362	macrolide, lincosamide, streptogramin b
erm(47)_1_KU612222	macrolide, lincosamide, streptogramin b
erm(48)_1_LT223129	macrolide, lincosamide, streptogramin b
erm(54)_1_OM362497	macrolide, lincosamide, streptogramin b
msr(A)_1_X52085	macrolide, streptogramin b
msr(A)_2_AB013298	macrolide, streptogramin b
msr(C)_1_AY004350	macrolide, streptogramin b
msr(C)_2_AF313494	macrolide, streptogramin b
msr(D)_2_AF274302	macrolide, streptogramin b
msr(D)_3_AF227520	macrolide, streptogramin b
msr(E)_1_FR751518	macrolide, streptogramin b
cmr_1_U43535	macrolide, tetracycline
erm(41)_1_EU177504	macrolide, lincosamide, streptogramin b
optrA_1_KP399637	oxazolidinone, amphenicol
optrA_2_KT862781	oxazolidinone, amphenicol
optrA_3_KT862780	oxazolidinone, amphenicol
optrA_4_KT862777	oxazolidinone, amphenicol
optrA_5_KT862783	oxazolidinone, amphenicol
optrA_6_KT862784	oxazolidinone, amphenicol
optrA_7_KT862775	oxazolidinone, amphenicol
optrA_8_KT862782	oxazolidinone, amphenicol
optrA_9_KT892063	oxazolidinone, amphenicol
optrA_10_KT601170	oxazolidinone, amphenicol
optrA_11_KX620934	oxazolidinone, amphenicol
optrA_12_KX620936	oxazolidinone, amphenicol
optrA_13_KX620939	oxazolidinone, amphenicol
optrA_14_KX620941	oxazolidinone, amphenicol
optrA_15_KX620942	oxazolidinone, amphenicol
optrA_16_AMBD01000029	oxazolidinone, amphenicol
optrA_17_ALZI01000051	oxazolidinone, amphenicol
optrA_18_ALMH01000001	oxazolidinone, amphenicol
optrA_19_ALMN01000021	oxazolidinone, amphenicol
optrA_20_ALMZ01000078	oxazolidinone, amphenicol
cfr_1_AM408573	oxazolidinone, amphenicol, lincosamide, streptogramin a, pleuromutilin
cfr_2_AJ879565	oxazolidinone, amphenicol, lincosamide, streptogramin a, pleuromutilin
cfr(B)_2_KM359438	oxazolidinone, amphenicol, lincosamide, streptogramin a, pleuromutilin
cfr(B)_1_KM359439	oxazolidinone, amphenicol, lincosamide, streptogramin a, pleuromutilin
cfr(B)_3_KR610408	oxazolidinone, amphenicol, lincosamide, streptogramin a, pleuromutilin
cfr(C)_2_CANB01000378	oxazolidinone, amphenicol, lincosamide, streptogramin a, pleuromutilin
cfr(C)_1_KX686749	oxazolidinone, amphenicol, lincosamide, streptogramin a, pleuromutilin
cat_1_M11587	amphenicol
catA1_1_V00622	amphenicol
cat86_1_K00544	amphenicol
catA3_1_X07848	amphenicol
catA2_1_X53796	amphenicol
catB_1_M93113	amphenicol
catQ_1_M55620	amphenicol
catB1_1_M58472	amphenicol
catB2_1_AF047479	amphenicol
catB3_1_AJ009818	amphenicol
catB3_2_U13880	amphenicol
catB7_1_AF036933	amphenicol
catB8_1_AF227506	amphenicol
catB9_1_AF462019	amphenicol
catB10_1_AJ878850	amphenicol
cat_5_U35036	amphenicol
cat(pC221)_1_X02529	amphenicol
cat(pC233)_1_AY355285	amphenicol
cat(pC194)_1_NC_002013	amphenicol
cat_4_AY238971	amphenicol
cat_2_M35190	amphenicol
cat_3_S48276	amphenicol
catS_1_X74948	amphenicol
catP_1_U15027	amphenicol
cmlV_1_U09991	amphenicol
cmlA1_1_M64556	amphenicol
cmlA1_2_AB212941	amphenicol
cml_1_M22614	amphenicol
cmlB1_1_AM296481	amphenicol
cmrA_1_Z12001	amphenicol
cmx_1_U85507	amphenicol
fexA_1_AJ549214	amphenicol
fexA_2_AM408573	amphenicol
fexB_1_JN201336	amphenicol
floR_1_AF071555	amphenicol
floR_2_AF118107	amphenicol
pexA_1_HM537013	amphenicol
EstDL136_1_JN242251	amphenicol
poxtA_1_MF095097	amphenicol, oxazolidinone, tetracycline
poxtA-Ef_1_WP094899500.1	amphenicol, oxazolidinone, tetracycline
tva(A)_1_ENA_SOX29786	pleuromutilin
mcr-1.1_1_KP347127	polymyxin
mcr-1.2_1_KX236309	polymyxin
mcr-1.3_1_KU934208	polymyxin
mcr-1.4_1_KY041856	polymyxin
mcr-1.5_1_KY283125	polymyxin
mcr-1.6_1_KY352406	polymyxin
mcr-1.7_1_KY488488	polymyxin
mcr-1.8_1_KY683842	polymyxin
mcr-1.9_1_KY964067	polymyxin
mcr-1.10_1_MF176238	polymyxin
mcr-1.11_1_KY853650	polymyxin
mcr-1.12_1_LC337668	polymyxin
mcr-1.13_1_MG384739	polymyxin
mcr-1.14_1_LS398440	polymyxin
mcr-2.1_1_LT598652	polymyxin
mcr-2.2_1_MF176239	polymyxin
mcr-3.1_1_KY924928	polymyxin
mcr-3.2_1_NMWW01000143	polymyxin
mcr-3.3_1_MF495680	polymyxin
mcr-3.4_1_FLXA01000011	polymyxin
mcr-3.5_1_MF489760	polymyxin
mcr-3.6_1_MF598076	polymyxin
mcr-3.7_1_MF598077	polymyxin
mcr-3.8_1_MF598078	polymyxin
mcr-3.9_1_MF598080	polymyxin
mcr-3.10_1_MG214531	polymyxin
mcr-3.11_1_MG489958	polymyxin
mcr-3.12_1_MG564491	polymyxin
mcr-3.13_1_MH332763	polymyxin
mcr-3.14_1_MH332764	polymyxin
mcr-3.15_1_MH332765	polymyxin
mcr-3.16_1_MH332766	polymyxin
mcr-3.17_1_MH332767	polymyxin
mcr-3.18_1_MH332768	polymyxin
mcr-3.19_1_NG055497	polymyxin
mcr-3.20_1_NG055493	polymyxin
mcr-3.21_1_NG060582	polymyxin
mcr-3.22_1_NG060581	polymyxin
mcr-3.23_1_NG060583	polymyxin
mcr-3.24_1_NG060580	polymyxin
mcr-3.25_1_NG060585	polymyxin
mcr-4.1_1_MF543359	polymyxin
mcr-4.2_1_MG822663	polymyxin
mcr-4.3_1_MG026621	polymyxin
mcr-4.4_1_MG822665	polymyxin
mcr-4.5_1_MG822664	polymyxin
mcr-4.6_1_MH423812	polymyxin
mcr-5.1_1_KY807921	polymyxin
mcr-5.2_1_MG384740	polymyxin
mcr-6.1_1_MF176240	polymyxin
mcr-7.1_1_MG267386	polymyxin
mcr-8_1_MG736312	polymyxin
mcr-9.1_1_MK070339	polymyxin
mcr-9.2_1_MN164032	polymyxin
mcr-9.3_1_MT505326	polymyxin
mcr-10_1_MN179494	polymyxin
qepA_1_FJ167861	quinolone
qepA1_1_AB263754	quinolone
qepA2_1_EU847537	quinolone
qepA3_1_JQ064560	quinolone
qepA4_1_KX580704	quinolone
qnrA1_1_AY070235	quinolone
qnrA2_1_AY675584	quinolone
qnrA3_1_DQ058661	quinolone
qnrA4_1_DQ058662	quinolone
qnrA5_1_DQ058663	quinolone
qnrA6_1_DQ151889	quinolone
qnrA7_1_GQ463707	quinolone
qnrA8_1_KY554783	quinolone
qnrB1_1_DQ351241	quinolone
qnrB10_1_DQ631414	quinolone
qnrB10_2_HM439644	quinolone
qnrB11_1_EF653270	quinolone
qnrB12_2_AM774474	quinolone
qnrB13_1_EU273755	quinolone
qnrB14_1_EU273757	quinolone
qnrB15_1_EU302865	quinolone
qnrB16_1_EU136183	quinolone
qnrB17_1_JN173051	quinolone
qnrB17_2_AM919398	quinolone
qnrB18_1_AM919399	quinolone
qnrB19_1_EU432277	quinolone
qnrB2_1_DQ351242	quinolone
qnrB20_1_AB379831	quinolone
qnrB21_1_FJ611948	quinolone
qnrB22_1_FJ981621	quinolone
qnrB23_1_FJ981622	quinolone
qnrB24_1_HM192542	quinolone
qnrB25_1_HQ172108	quinolone
qnrB26_1_HQ386846	quinolone
qnrB27_1_HM439641	quinolone
qnrB28_1_HM439643	quinolone
qnrB29_1_HM439649	quinolone
qnrB3_1_DQ303920	quinolone
qnrB30_1_HM439650	quinolone
qnrB31_1_HQ418999	quinolone
qnrB32_1_JN173054	quinolone
qnrB33_1_JN173055	quinolone
qnrB34_1_JN173056	quinolone
qnrB35_1_JN173057	quinolone
qnrB36_1_JN173058	quinolone
qnrB37_1_JN173059	quinolone
qnrB38_1_JN173060	quinolone
qnrB39_1_ABWL02000005	quinolone
qnrB4_1_DQ303921	quinolone
qnrB40_1_JN166689	quinolone
qnrB41_1_JN166690	quinolone
qnrB42_1_JN680743	quinolone
qnrB43_1_JQ349151	quinolone
qnrB44_1_JQ349153	quinolone
qnrB45_1_JQ349152	quinolone
qnrB46_1_JQ349154	quinolone
qnrB47_1_JQ349155	quinolone
qnrB48_1_JQ762640	quinolone
qnrB49_1_JQ582718	quinolone
qnrB5_1_DQ303919	quinolone
qnrB50_1_JX440357	quinolone
qnrB51_1_JX440358	quinolone
qnrB52_1_EF488762	quinolone
qnrB53_1_HQ704413	quinolone
qnrB54_1_HE820727	quinolone
qnrB55_1_KF730650	quinolone
qnrB56_1_JX259317	quinolone
qnrB57_1_JX259318	quinolone
qnrB58_1_JX259319	quinolone
qnrB59_1_JX259320	quinolone
qnrB6_1_EF520349	quinolone
qnrB6_2_EF523819	quinolone
qnrB60_1_AB734055	quinolone
qnrB61_1_AB734053	quinolone
qnrB62_1_JX987101	quinolone
qnrB64_1_KC580653	quinolone
qnrB65_1_KC580654	quinolone
qnrB66_1_KC580655	quinolone
qnrB67_1_KC580656	quinolone
qnrB68_1_KC580657	quinolone
qnrB69_1_KC580658	quinolone
qnrB7_1_EU043311	quinolone
qnrB70_1_KC580659	quinolone
qnrB71_1_KC580660	quinolone
qnrB72_1_KC741443	quinolone
qnrB73_1_KF443075	quinolone
qnrB74_1_KJ415247	quinolone
qnrB75_1_KP207591	quinolone
qnrB76_1_KM985469	quinolone
qnrB77_1_KM985470	quinolone
qnrB78_1_KM985471	quinolone
qnrB8_1_EU043312	quinolone
qnrB80_1_KM985473	quinolone
qnrB81_1_KX372671	quinolone
qnrB82_1_KX372672	quinolone
qnrB9_1_EF526508	quinolone
qnrC_1_EU917444	quinolone
qnrD1_1_FJ228229	quinolone
qnrD2_1_KF055448	quinolone
qnrD3_1_KX130945	quinolone
qnrS1_1_AB187515	quinolone
qnrS2_1_DQ485530	quinolone
qnrS3_1_EU077611	quinolone
qnrS4_1_FJ418153	quinolone
qnrS5_1_HQ631377	quinolone
qnrS6_1_HQ631376	quinolone
qnrS7_1_KF730651	quinolone
qnrS8_1_KF730652	quinolone
qnrS9_1_KF732714	quinolone
qnrS10_1_JN836269	quinolone
qnrS11_1_JQ269335	quinolone
qnrS12_1_MKQI01000097	quinolone
qnrS13_1_LUYD01000008	quinolone
qnrVC1_1_EU436855	quinolone
qnrVC3_1_HM015626	quinolone
qnrVC4_1_GQ891757	quinolone
qnrVC5_1_JN408080	quinolone
qnrVC6_1_KC202804	quinolone
qnrVC7_1_KM555152	quinolone
qnrE1_1_KY073238	quinolone
vga(D)_1_GQ205627	streptogramin a
vat(A)_1_L07778	streptogramin a
vat(B)_1_U19459	streptogramin a
vat(C)_1_AF015628	streptogramin a
vat(D)_1_L12033	streptogramin a
vat(E)_3_AF153312	streptogramin a
vat(E)_5_AJ488494	streptogramin a
vat(E)_7_AY043211	streptogramin a
vat(E)_8_AY043209	streptogramin a
vat(E)_9_AY043210	streptogramin a
vat(E)_10_AY043212	streptogramin a
vat(E)_11_AY043213	streptogramin a
vat(F)_1_AF170730	streptogramin a
vat(H)_1_GQ205627	streptogramin a
vga(B)_1_U82085	streptogramin a, streptogramin b
vgb(A)_1_M20129	streptogramin b
vgb(B)_1_AF015628	streptogramin b
tet(A)_1_AJ313332	tetracycline
tet(A)_2_X00006	tetracycline
tet(A)_3_AY196695	tetracycline
tet(A)_4_AJ517790	tetracycline
tet(A)_5_AJ419171	tetracycline
tet(A)_6_AF534183	tetracycline
tet(B)_1_AP000342	tetracycline
tet(B)_2_AF326777	tetracycline
tet(B)_3_AJ277653	tetracycline
tet(C)_1_NC_003123	tetracycline
tet(C)_2_AY046276	tetracycline
tet(C)_3_AF055345	tetracycline
tet(D)_1_AF467077	tetracycline
tet(D)_2_X65876	tetracycline
tet(E)_1_Y19116	tetracycline
tet(E)_2_L06940	tetracycline
tet(E)_3_CP000645	tetracycline
tet(G)_1_AF133139	tetracycline
tet(G)_2_AF133140	tetracycline
tet(G)_3_S52437	tetracycline
tet(H)_1_Y16103	tetracycline
tet(H)_2_AJ245947	tetracycline
tet(H)_3_Y15510	tetracycline
tet(H)_4_U00792	tetracycline
tet(J)_1_ACLE01000065	tetracycline
tet(J)_2_AF038993	tetracycline
tet(K)_1_U38656	tetracycline
tet(K)_2_J01764	tetracycline
tet(L)_1_HM235948	tetracycline
tet(L)_2_M29725	tetracycline
tet(L)_3_M11036	tetracycline
tet(L)_4_D00006	tetracycline
tet(L)_5_X08034	tetracycline
tet(L)_6_D12567	tetracycline
tet(L)_7_X60828	tetracycline
tet(L)_8_AY081910	tetracycline
tet(L)_9_CP068241	tetracycline
tetA(P)_1_AB054980	tetracycline
tetA(P)_2_L20800	tetracycline
tetA(P)_3_AB001076	tetracycline
tet(V)_1_AF030344	tetracycline
tet(Y)_1_EF495198	tetracycline
tet(Y)_2_AB089606	tetracycline
tet(Z)_1_AF121000	tetracycline
tet(30)_1_AF090987	tetracycline
tet(31)_1_GQ283908	tetracycline
tet(31)_2_AJ250203	tetracycline
tet(33)_1_AY255627	tetracycline
tet(33)_2_DQ390458	tetracycline
tet(35)_1_AF353562	tetracycline
tet(39)_1_KT346360	tetracycline
tet(40)_1_FJ158002	tetracycline
tet(40)_2_AM419751	tetracycline
tet(41)_1_AY264780	tetracycline
tet(42)_1_EU523697	tetracycline
tet(43)_1_GQ244501	tetracycline
tet(45)_1_JF837331	tetracycline
tetA(46)_1_HQ652506	tetracycline
tetB(46)_1_HQ652506	tetracycline
tet(57)_1_KP137702	tetracycline
tet(59)_1_KU736878	tetracycline
tetA(60)_1_KX000272	tetracycline
tetB(60)_1_KX000273	tetracycline
otr(B)_1_AF079900	tetracycline
otr(C)_1_AY509111	tetracycline
tcr3_1_D38215	tetracycline
tet(M)_1_X92947	tetracycline
tet(M)_2_X90939	tetracycline
tet(M)_3_U08812	tetracycline
tet(M)_4_X75073	tetracycline
tet(M)_5_U58985	tetracycline
tet(M)_6_M21136	tetracycline
tet(M)_7_FN433596	tetracycline
tet(M)_8_X04388	tetracycline
tet(M)_9_X56353	tetracycline
tet(M)_10_EU182585	tetracycline
tet(M)_11_JN846696	tetracycline
tet(M)_12_FR671418	tetracycline
tet(M)_13_AM990992	tetracycline
tet(O)_1_M18896	tetracycline
tet(O)_2_M20925	tetracycline
tet(O)_3_Y07780	tetracycline
tetB(P)_1_NC_010937	tetracycline
tet(Q)_1_L33696	tetracycline
tet(Q)_2_X58717	tetracycline
tet(Q)_3_U73497	tetracycline
tet(Q)_4_Z21523	tetracycline
tet(S)_1_DQ377340	tetracycline
tet(S)_2_L09756	tetracycline
tet(S)_3_X92946	tetracycline
tet(T)_1_L42544	tetracycline
tet(T)_2_AY660530	tetracycline
tet(W)_1_DQ060146	tetracycline
tet(W)_2_AY049983	tetracycline
tet(W)_3_AJ427421	tetracycline
tet(W)_4_FN396364	tetracycline
tet(W)_5_AJ427422	tetracycline
tet(32)_1_EU722333	tetracycline
tet(32)_2_EF626943	tetracycline
tet(36)_1_AJ514254	tetracycline
tet(44)_1_NZ_ABDU01000081	tetracycline
tet(44)_2_FN594949	tetracycline
otr(A)_1_X53401	tetracycline
tet_1_M74049	tetracycline
tet(X)_1_GU014535	tetracycline
tet(X)_2_M37699	tetracycline
tet(X)_3_AB097942	tetracycline
tet(X3)_1_MK134375	tetracycline
tet(X4)_1_MK134376	tetracycline
tet(X5)_1_CP040912	tetracycline
tet(34)_1_AB061440	tetracycline
tet(37)_1_AF540889	tetracycline
tet(47)_1_KR857681	tetracycline
tet(48)_1_KR857682	tetracycline
tet(49)_1_KR857683	tetracycline
tet(50)_1_KR857684	tetracycline
tet(51)_1_KR857685	tetracycline
tet(52)_1_KR857686	tetracycline
tet(53)_1_KR857687	tetracycline
tet(54)_1_KR857688	tetracycline
tet(55)_1_KR857689	tetracycline
tet(O/W)_1_AM889118	tetracycline
tet(O/W)_2_AM889119	tetracycline
tet(O/W)_3_AM889120	tetracycline
tet(O/W)_4_AM889121	tetracycline
tet(O/W)_5_AM889122	tetracycline
tet(O/W)-2_1_AY485122	tetracycline
tet(O/W)-1_1_AY485126	tetracycline
tet(O/W/O)-3_1_EF065524	tetracycline
tet(O/W/O)-2_1_AY196920	tetracycline
tet(O/W/O)-1_1_AY196921	tetracycline
tet(O/W/32/O)_1_EF065523	tetracycline
tet(O/W/32/O)_2_FM164392	tetracycline
tet(O/W/32/O)_5_JQ740053	tetracycline
tet(O/W/32/O/W/O)_1_DQ525023	tetracycline
tet(O/W/32/O/W/O)_2_DQ679926	tetracycline
tet(O/32/O)_1_JQ740052	tetracycline
tet(O/32/O)_2_AJ295238	tetracycline
tet(O/32/O)_3_NZ_AUJS01000017	tetracycline
tet(O/32/O)_4_AIOQ01000025	tetracycline
tet(O/32/O)_5_FP929050	tetracycline
tet(O/32/O)_6_NG_048124	tetracycline
tet(S/M)_1_HM367711	tetracycline
tet(S/M)_2_AY534326	tetracycline
tet(W/32/O)_1_AM710601	tetracycline
tet(W/32/O)_2_AM710602	tetracycline
tet(W/32/O)_3_AM710603	tetracycline
tet(W/32/O)_4_AM710605	tetracycline
tet(X6)_1_MN507533	tetracycline
tmexC1_1_MK347425	tetracycline
tmexC2_1_MN175502	tetracycline
tmexC3_1_LC633285	tetracycline
tmexC4_1_CP091084	tetracycline
tmexD1_1_MK347425	tetracycline
tmexD2_1_MN175502	tetracycline
tmexD3_1_LC633285	tetracycline
tmexD4_1_CP091084	tetracycline
TOprJ1_1_MK347425	tetracycline
TOprJ2_1_MN175502	tetracycline
TOprJ3_1_LC633285	tetracycline
TOprJ4_1_CP091084	tetracycline
blaCARB-1_1_AF313471	beta-lactam
blaCARB-2_1_M69058	beta-lactam
blaCARB-3_1_S46063	beta-lactam
blaCARB-4_1_U14749	beta-lactam
blaCARB-5_1_AF135373	beta-lactam
blaCARB-6_1_AF030945	beta-lactam
blaCARB-7_1_AF409092	beta-lactam
blaCARB-8_1_AY178993	beta-lactam
blaCARB-9_1_AY248038	beta-lactam
blaCARB-10_1_EU850412	beta-lactam
blaCARB-11_1_AY008290	beta-lactam
blaCARB-12_1_D13210	beta-lactam
blaCARB-14_1_JQ364968	beta-lactam
blaCARB-16_1_HF953351	beta-lactam
blaCARB-17_1_KJ934265	beta-lactam
blaCARB-18_1_KJ934266	beta-lactam
blaCARB-19_1_KJ934267	beta-lactam
blaCARB-20_1_NG_054946	beta-lactam
blaCARB-21_1_NG_048724	beta-lactam
blaCARB-22_1_JYNG01000059	beta-lactam
blaCARB-23_1_NG_048726	beta-lactam
blaCARB-24_1_BK008907	beta-lactam
blaCARB-25_1_BK008888	beta-lactam
blaCARB-26_1_BK008904	beta-lactam
blaCARB-27_1_NG_048730	beta-lactam
blaCARB-28_1_BK008906	beta-lactam
blaCARB-29_1_BK008905	beta-lactam
blaCARB-30_1_NG_048734	beta-lactam
blaCARB-31_1_NG_048735	beta-lactam
blaCARB-32_1_NG_048736	beta-lactam
blaCARB-33_1_BK008903	beta-lactam
blaCARB-34_1_NG_048738	beta-lactam
blaCARB-35_1_BK008900	beta-lactam
blaCARB-36_1_LHBD01000022	beta-lactam
blaCARB-38_1_BK008898	beta-lactam
blaCARB-40_1_BK008889	beta-lactam
blaCARB-41_1_BK008890	beta-lactam
blaCARB-42_1_NG_048745	beta-lactam
blaCARB-43_1_NG_048746	beta-lactam
blaCARB-44_1_JTGS01000066	beta-lactam
blaCARB-45_1_JTGR01000061	beta-lactam
blaCARB-46_1_NG_048749	beta-lactam
blaCARB-47_1_NG050564	beta-lactam
blaCARB-48_1_NG050604	beta-lactam
blaCARB-49_1_KX599396	beta-lactam
blaCARB-50_1_NG_052478	beta-lactam
blaFRI-1_1_KT192551	beta-lactam
blaFRI-2_1_KX620467	beta-lactam
blaFRI-3_1_KY524440	beta-lactam
blaFRI-4_1_NG_055267	beta-lactam
blaFRI-5_1_MH208723	beta-lactam
fusB_1_AY373761	steroid antibacterial
fusB_2_JF777505	steroid antibacterial
fusC_1_KF527883	steroid antibacterial
mupA_1_X75439	pseudomonic acid
mupA_2_GU237136	pseudomonic acid
mupB_1_JQ231224	pseudomonic acid
blaLAP-1_1_EF026092	beta-lactam
blaLAP-2_1_EU159120	beta-lactam
blaAER-1_1_U14748	beta-lactam
blaBEL4_1_KX388629	beta-lactam
blaBES-1_1_AF234999	beta-lactam
blaBIC-1_1_GQ260093	beta-lactam
blaBKC_1_KP689347	beta-lactam
ARR-2_1_HQ141279	rifamycin
ARR-3_1_JF806499	rifamycin
ARR-3_4_FM207631	rifamycin
ARR-4_1_EF660562	rifamycin
ARR-5_1_EF660563	rifamycin
ARR-6_1_FM955585	rifamycin
ARR-6_2_FM897214	rifamycin
ARR-6_3_JF922883	rifamycin
ARR-7_1_FN397623	rifamycin
nimA_1_X71444	nitroimidazole
nimB_1_X71443	nitroimidazole
nimC_1_X76948	nitroimidazole
nimD_1_X76949	nitroimidazole
nimE_1_AJ244018	nitroimidazole
nimE_1_AM042593	nitroimidazole
nimF_1_AJ515145	nitroimidazole
nimH_1_KX576455	nitroimidazole
nimI_1_FJ940883	nitroimidazole
nimI_1_FJ940884	nitroimidazole
nimI_1_FJ940886	nitroimidazole
nimI_1_FJ940887	nitroimidazole
nimI_1_FJ940889	nitroimidazole
nimJ_1_NZ_JH815495	nitroimidazole
blaCMH-3_1_KX192165	beta-lactam
blaSGM-7_1_NG050614	beta-lactam
blaL_1_NG050597	beta-lactam
blaL_2_NG050596	beta-lactam
blaVHW-1_1_AF217648	beta-lactam
blaVHH-1_1_NG050334	beta-lactam
blaTER-2_1_FJ263090	beta-lactam
blaTER-1_1_FJ263091	beta-lactam
blaSST-1_1_AB008455	beta-lactam
blaSRT-1_1_AB008454	beta-lactam
blaSRT-2_1_AY524276	beta-lactam
blaSPU-1_1_GQ919044	beta-lactam
blaSPG-1_1_KP109680	beta-lactam
blaSGM-6_1_NG049988	beta-lactam
blaSGM-5_1_NG049987	beta-lactam
blaSGM-4_1_CP002798	beta-lactam
blaSGM-2_1_AP010803	beta-lactam
blaSGM-1_1_AAQG01000013	beta-lactam
blaSCO-1_1_EF063111	beta-lactam
blaPLA-6A_1_DQ251478	beta-lactam
blaPLA-3A_1_AY507663	beta-lactam
blaPLA-4A_1_AY507664	beta-lactam
blaPLA-5A_1_DQ249871	beta-lactam
blaPLA2a_1_AY307385	beta-lactam
blaPLA1a_1_AY302757	beta-lactam
blaPEDO-3_1_KP109679	beta-lactam
blaPEDO-2_1_KP109678	beta-lactam
blaPEDO-1_1_KP109677	beta-lactam
blaOXA-493_1_CP007774	beta-lactam
blaVCC-1_1_KT818596	beta-lactam
blaPAM-1_1_AB858498	beta-lactam
blaTMB-1_1_FR771847	beta-lactam
blaTMB-2_1_AB758277	beta-lactam
blaACC-4_1_GU256641	beta-lactam
blaACT-1_1_U58495	beta-lactam
blaACT-2_1_AM076977	beta-lactam
blaACT-3_1_EF125013	beta-lactam
blaACT-4_2_AJ311172	beta-lactam
blaACT-5_1_FJ237369	beta-lactam
blaACT-6_1_FJ237366	beta-lactam
blaACT-7_1_FJ237368	beta-lactam
blaACT-9_1_HQ693810	beta-lactam
blaACT-10_1_JN848330	beta-lactam
blaACT-12_1_JX440355	beta-lactam
blaACT-14_1_JX440354	beta-lactam
blaACT-15_1_JX440356	beta-lactam
blaACT-16_1_AB737978	beta-lactam
blaBEL-1_1_DQ089809	beta-lactam
blaBEL-2_1_FJ666063	beta-lactam
blaBEL-3_1_GQ202694	beta-lactam
cepA_1_L13472	beta-lactam
cepA_1_U05887	beta-lactam
cepA_6_FR688022	beta-lactam
cepA-49_1_U05886	beta-lactam
cepA-44_1_U05885	beta-lactam
cepA-29_1_U05884	beta-lactam
blaCMY-98_1_KC603538	beta-lactam
blaFONA-6_1_AJ251244	beta-lactam
blaFONA-5_1_AJ251243	beta-lactam
blaFONA-4_1_AJ251242	beta-lactam
blaFONA-3_1_AJ251241	beta-lactam
blaFONA-2_1_AJ251240	beta-lactam
blaFONA-1_1_AJ251239	beta-lactam
blaFOX-1_1_X77455	beta-lactam
blaFOX-2_1_Y10282	beta-lactam
blaFOX-3_1_Y11068	beta-lactam
blaFOX-4_1_AJ277535	beta-lactam
blaFOX-5_1_AY007369	beta-lactam
blaFOX-6_1_AY034848	beta-lactam
blaFOX-7_1_AJ703796	beta-lactam
blaFOX-8_1_HM565917	beta-lactam
blaFOX-9_1_JF896803	beta-lactam
blaFOX-10_1_JX049131	beta-lactam
blaGMB-1_1_MZ215787	beta-lactam
blaGOB-1_1_EF394442	beta-lactam
blaGOB-1_2_AF090141	beta-lactam
blaGOB-2_1_AF189296	beta-lactam
blaGOB-3_1_AF189291	beta-lactam
blaGOB-4_1_AF189293	beta-lactam
blaGOB-5_1_AF189290	beta-lactam
blaGOB-6_1_AF189292	beta-lactam
blaGOB-7_1_AF189297	beta-lactam
blaGOB-8_1_AY348327	beta-lactam
blaGOB-9_1_AY647246	beta-lactam
blaGOB-10_1_AY647247	beta-lactam
blaGOB-11_1_AY647248	beta-lactam
blaGOB-12_1_AY647249	beta-lactam
blaGOB-13_1_AY647251	beta-lactam
blaGOB-14_1_AY647252	beta-lactam
blaGOB-15_1_AY775547	beta-lactam
blaGOB-16_1_GU188443	beta-lactam
blaGOB-16_2_AY899331	beta-lactam
blaGOB-17_1_AY899332	beta-lactam
blaGOB-18_1_DQ004496	beta-lactam
blaHERA-1_1_AF311385	beta-lactam
blaHERA-2_1_AF398334	beta-lactam
blaHERA-3_1_AF398335	beta-lactam
blaHERA-4_1_AJ536088	beta-lactam
blaHERA-5_1_AJ536089	beta-lactam
blaHERA-6_1_AJ536090	beta-lactam
blaHERA-8_1_AJ536092	beta-lactam
blaIND-1_1_AF099139	beta-lactam
blaIND-2_2_AF219127	beta-lactam
blaIND-2a_4_AF219130	beta-lactam
blaIND-2b_3_EF672681	beta-lactam
blaIND-2c_1_GU186042	beta-lactam
blaIND-3_1_AF219131	beta-lactam
blaIND-4_1_AF219135	beta-lactam
blaIND-5_1_AY504627	beta-lactam
blaIND-6_1_AM087455	beta-lactam
blaIND-7_1_AB529520	beta-lactam
blaIND-8_1_GU186044	beta-lactam
blaIND-9_1_GU186045	beta-lactam
blaIND-10_1_GU206353	beta-lactam
blaIND-11_1_HM245379	beta-lactam
blaIND-12_1_HM245380	beta-lactam
blaIND-14_1_HM367709	beta-lactam
blaIND-15_1_AB563173	beta-lactam
blaLEN1_1_X04515	beta-lactam
blaLEN2_1_AY037780	beta-lactam
blaLEN3_1_AY130286	beta-lactam
blaLEN4_1_AY130287	beta-lactam
blaLEN5_1_AY633109	beta-lactam
blaLEN7_1_AJ635425	beta-lactam
blaLEN8_1_AJ635424	beta-lactam
blaLEN9_1_AJ635405	beta-lactam
blaLEN10_1_AJ635419	beta-lactam
blaLEN12_1_AJ635406	beta-lactam
blaLEN13_1_AJ635403	beta-lactam
blaLEN15_1_AF452105	beta-lactam
blaLEN16_1_AY743416	beta-lactam
blaLEN17_1_EF205593	beta-lactam
blaLEN18_1_AM850908	beta-lactam
blaLEN19_1_AM850909	beta-lactam
blaLEN20_1_AM850910	beta-lactam
blaLEN21_1_AM850911	beta-lactam
blaLEN22_1_AM850912	beta-lactam
blaLEN23_1_AM850913	beta-lactam
blaLEN24_1_AM850914	beta-lactam
blaLEN25_1_HQ709169	beta-lactam
blaLEN26_1_JQ067123	beta-lactam
blaMAL-1_1_AJ277209	beta-lactam
blaMAL-1_2_AJ609506	beta-lactam
blaMIR-1_1_M37839	beta-lactam
blaMIR-2_1_AY227752	beta-lactam
blaMIR-3_1_AY743435	beta-lactam
blaMIR-4_1_EF417572	beta-lactam
blaMIR-5_1_FJ237367	beta-lactam
blaMIR-6_1_JQ664733	beta-lactam
blaMOR_1_Y10283	beta-lactam
blaMOR-2_1_AY235804	beta-lactam
blaMOX-1_1_D13304	beta-lactam
blaMOX-2_1_AJ276453	beta-lactam
blaMOX-3_1_EU515248	beta-lactam
blaMOX-4_1_FJ262599	beta-lactam
blaMOX-5_1_GQ152600	beta-lactam
blaMOX-6_1_GQ152601	beta-lactam
blaMOX-7_1_GQ152602	beta-lactam
blaOCH-2_1_AJ295340	beta-lactam
blaOCH-3_1_AJ295341	beta-lactam
blaOCH-4_1_AJ295342	beta-lactam
blaOCH-5_1_AJ295343	beta-lactam
blaOCH-6_1_AJ295344	beta-lactam
blaOCH-7_1_AJ295345	beta-lactam
blaOCH-8_1_DQ489307	beta-lactam
blaOKP-A-1_1_AM051138	beta-lactam
blaOKP-A-2_1_AM051139	beta-lactam
blaOKP-A-3_1_AM051140	beta-lactam
blaOKP-A-4_1_AM051142	beta-lactam
blaOKP-A-5_1_AM051143	beta-lactam
blaOKP-A-6_1_AM051144	beta-lactam
blaOKP-A-7_1_AM051145	beta-lactam
blaOKP-A-8_1_AM051147	beta-lactam
blaOKP-A-9_1_AM051148	beta-lactam
blaOKP-A-10_1_AM051149	beta-lactam
blaOKP-A-11_1_AM850915	beta-lactam
blaOKP-A-12_1_AM850915	beta-lactam
blaOKP-A-13_1_FJ534513	beta-lactam
blaOKP-A-14_1_FJ534512	beta-lactam
blaOKP-A-15_1_FJ755841	beta-lactam
blaOKP-A-16_1_FJ755840	beta-lactam
blaOKP-B-1_1_AM051150	beta-lactam
blaOKP-B-2_1_AM051151	beta-lactam
blaOKP-B-3_1_AM051152	beta-lactam
blaOKP-B-4_1_AM051153	beta-lactam
blaOKP-B-5_1_AY512506	beta-lactam
blaOKP-B-6_1_AY850171	beta-lactam
blaOKP-B-7_1_AM051156	beta-lactam
blaOKP-B-8_1_AM051157	beta-lactam
blaOKP-B-9_1_AM051159	beta-lactam
blaOKP-B-10_1_AM051160	beta-lactam
blaOKP-B-11_1_AM051161	beta-lactam
blaOKP-B-12_1_AJ635420	beta-lactam
blaOKP-B-13_1_AY825330	beta-lactam
blaOKP-B-14_1_DQ995288	beta-lactam
blaOKP-B-15_1_AM850917	beta-lactam
blaOKP-B-16_1_AM850918	beta-lactam
blaOKP-B-17_1_AM850919	beta-lactam
blaOKP-B-18_1_AM850920	beta-lactam
blaOKP-B-19_1_AM850921	beta-lactam
blaOKP-B-20_1_AM850922	beta-lactam
blaOXA-SHE_1_AY066004	beta-lactam
blaOXA-13_1_AF043558	beta-lactam
blaOXY-1-1_1_Z30177	beta-lactam
blaOXY-1-2_2_AJ871864	beta-lactam
blaOXY-1-3_3_AY077482	beta-lactam
blaOXY-1-4_4_AY077483	beta-lactam
blaOXY-1-5_5_AY077486	beta-lactam
blaOXY-1-6_6_Y17715	beta-lactam
blaOXY-1-7_7_M27459	beta-lactam
blaOXY-2-1_1_AJ871866	beta-lactam
blaOXY-2-2_2_AJ871867	beta-lactam
blaOXY-2-3_3_AY077488	beta-lactam
blaOXY-2-4_4_Y17714	beta-lactam
blaOXY-2-5_5_AY077487	beta-lactam
blaOXY-2-6_6_AY077485	beta-lactam
blaOXY-2-7_7_Z49084	beta-lactam
blaOXY-2-8_8_AY055205	beta-lactam
blaOXY-2-9_9_FJ785625	beta-lactam
blaOXY-2-10_10_FJ785626	beta-lactam
blaOXY-3-1_1_AF491278	beta-lactam
blaOXY-4-1_1_AY077481	beta-lactam
blaOXY-5-1_1_AJ871868	beta-lactam
blaOXY-5-2_2_AJ871871	beta-lactam
blaOXY-6-1_1_AJ871873	beta-lactam
blaOXY-6-2_2_AJ871875	beta-lactam
blaOXY-6-3_3_AJ871876	beta-lactam
blaOXY-6-4_4_AJ871877	beta-lactam
blaPAO_1_AY083595	beta-lactam
blaPAO_2_FJ666065	beta-lactam
blaPAO_3_FJ666073	beta-lactam
blaPAO_4_AY083592	beta-lactam
blaPER-1_1_GU944725	beta-lactam
blaPER-2_1_X93314	beta-lactam
blaPER-3_1_AY740681	beta-lactam
blaPER-4_1_EU748544	beta-lactam
blaPER-5_1_FJ627180	beta-lactam
blaPER-6_1_GQ396303	beta-lactam
blaPER-7_1_HQ713678	beta-lactam
blaRAHN-1_1_GU645205	beta-lactam
blaRAHN-1_2_AF338038	beta-lactam
blaRAHN-2_2_HM114350	beta-lactam
blaROB-1_1_DQ840517	beta-lactam
blaROB-1_2_AF022114	beta-lactam
blaVEB-1_1_HM370393	beta-lactam
blaVEB-1_3_DQ393569	beta-lactam
blaVEB-1_4_AF324834	beta-lactam
blaVEB-2_1_AY027870	beta-lactam
blaVEB-3_1_AY536519	beta-lactam
blaVEB-4_1_EF136375	beta-lactam
blaVEB-5_1_EF420108	beta-lactam
blaVEB-6_1_EU259884	beta-lactam
blaVEB-7_1_FJ825622	beta-lactam
blaVEB-8_1_JX679208	beta-lactam
ampH_1_AJ276031	beta-lactam
ampH_2_HQ586946	beta-lactam
blaSMB-1_1_AB636283	beta-lactam
POM-1_1_GU002295	beta-lactam
blaCFE-1_1_AB107899	beta-lactam
blaLAT-1_1_X78117	beta-lactam
blaNPS_1_AY027589	beta-lactam
blaLCR-1_1_X56809	beta-lactam
blaNMC-A_1_AJ536087	beta-lactam
blaFAR-1_1_AF024601	beta-lactam
blaKHM-1_1_AB364006	beta-lactam
blaCEPH-A3_1_AY112998	beta-lactam
blaSIM-1_1_JF731030	beta-lactam
blaGIM-1_1_JF414726	beta-lactam
blaSPM-1_1_AY341249	beta-lactam
blaSFO-1_1_AB003148	beta-lactam
blaTLA-1_1_AF148067	beta-lactam
hugA_1_AF324468	beta-lactam
blaDIM-1_1_GU323019	beta-lactam
blaERP-1_1_AY077733	beta-lactam
blaPME-1_1_HQ541434	beta-lactam
blaJOHN-1_1_AY028464	beta-lactam
blaMUS-1_1_AF441286	beta-lactam
blaCGB-1_1_EF672680	beta-lactam
blaEBR-1_1_AF416700	beta-lactam
blaTUS-1_1_AF441287	beta-lactam
blaACI-1_1_AJ007350	beta-lactam
blaAST-1_1_AF279904	beta-lactam
blaCKO-1_1_AF477396	beta-lactam
blaCME-1_1_AJ006275	beta-lactam
blaDES-1_1_AF426161	beta-lactam
blaLUT-1_1_AY695112	beta-lactam
blaSED1_1_AF321608	beta-lactam
penA_1_AF515059	beta-lactam
imiH_1_AJ548797	beta-lactam
imiS_1_Y10415	beta-lactam
blaBIL-1_1_X74512	beta-lactam
blaCMG_1_AY265892	beta-lactam
blaTRU_1_EU046614	beta-lactam
blaZEG-1_1_AY265891	beta-lactam
ampS_1_X80276	beta-lactam
blaADC-25_1_EF016355	beta-lactam
blaA_1_DQ424965	beta-lactam
blaA_2_AY954728	beta-lactam
blaB-2_1_AF189300	beta-lactam
blaB-3_1_AF189301	beta-lactam
blaB-3_2_AF189299	beta-lactam
blaB-5_1_AF189303	beta-lactam
blaB-6_1_AF189302	beta-lactam
blaB-7_1_AF189304	beta-lactam
blaB-8_1_AF189305	beta-lactam
blaB-9_1_AY348324	beta-lactam
blaB-10_1_AY348325	beta-lactam
blaB-11_1_AY348326	beta-lactam
blaB-12_1_EF595958	beta-lactam
blaB-13_1_EF595959	beta-lactam
blaB-14_1_JN635697	beta-lactam
blaL1_3_EF126059	beta-lactam
cfiA1_1_AB087225	beta-lactam
cfiA2_1_AB087226	beta-lactam
cfiA3_1_AB087228	beta-lactam
cfiA4_1_AB087229	beta-lactam
cfiA6_1_AB087231	beta-lactam
cfiA8_1_AB087233	beta-lactam
cfiA9_1_AB087234	beta-lactam
cfiA10_1_AB087227	beta-lactam
cfiA13_1_FM200787	beta-lactam
cfiA14_1_FM200789	beta-lactam
cfxA_1_U38243	beta-lactam
cfxA2_1_AF504914	beta-lactam
cfxA3_1_AF472622	beta-lactam
cfxA4_1_AY769933	beta-lactam
cfxA5_1_AY769934	beta-lactam
cfxA6_1_GQ342996	beta-lactam
cphA1_2_AY261377	beta-lactam
cphA1_1_AY261379	beta-lactam
cphA1_3_AY261378	beta-lactam
cphA1_4_AY261376	beta-lactam
cphA1_7_X57102	beta-lactam
cphA2_6_AHU60294	beta-lactam
cphA4_1_AY227050	beta-lactam
cphA5_1_AY227051	beta-lactam
cphA6_1_AY227052	beta-lactam
cphA7_1_AY227053	beta-lactam
cphA8_1_AY261375	beta-lactam
blaIMP-4_1_DQ307573	beta-lactam
blaGES-1_1_HQ170511	beta-lactam
blaGES-2_1_AF326355	beta-lactam
blaGES-3_1_AB113580	beta-lactam
blaGES-4_1_AB116723	beta-lactam
blaGES-5_1_DQ236171	beta-lactam
blaGES-6_1_AY494718	beta-lactam
blaGES-7_1_HM453325	beta-lactam
blaGES-8_1_AF329699	beta-lactam
blaGES-9_1_AY920928	beta-lactam
blaGES-10_1_FJ820124	beta-lactam
blaGES-11_1_FJ854362	beta-lactam
blaGES-12_1_FN554543	beta-lactam
blaGES-13_1_GU169702	beta-lactam
blaGES-14_1_GU207844	beta-lactam
blaGES-15_1_GU208678	beta-lactam
blaGES-16_1_HM173356	beta-lactam
blaGES-17_1_HQ874631	beta-lactam
blaGES-18_1_JQ028729	beta-lactam
blaGES-19_1_JN596280	beta-lactam
blaGES-20_1_JN596280	beta-lactam
blaGES-21_1_JQ772478	beta-lactam
blaGES-22_1_JX023441	beta-lactam
blaGES-23_1_KF179354	beta-lactam
blaIMI-1_1_U50278	beta-lactam
blaIMI-2_1_DQ173429	beta-lactam
blaIMI-3_1_GU015024	beta-lactam
blaSFC-1_1_AY354402	beta-lactam
blaSME-1_1_Z28968	beta-lactam
blaSME-2_1_AF275256	beta-lactam
blaSME-3_1_AY584237	beta-lactam
blaBRO-1_1_Z54180	beta-lactam
blaBRO-2_1_Z54181	beta-lactam
blaBKC-1_1_KP689347	beta-lactam
blaIMI-5_1_KX858825	beta-lactam
ARR-8_1_KC199968	rifamycin
blaIMI-4_1_NG_049167	beta-lactam
aac(6')Ib-cr_3_EF210035	aminoglycoside, quinolone
Cfr(D)_1_NG_067192	amphenicol
Cfr(E)_1_NG_070225	amphenicol
grdA_1_QJX10702	aminoglycoside
Gar_1_NG_070891	aminoglycoside
fosL1_1_MN464149	fosfomycin
erm(50)_1_LC473083	macrolide
qnrB89_1_MT544491	quinolone
catT_1_MW030510	amphenicol
qnrB91_1_AP023150	quinolone
qnrB90_1_MG182074	quinolone
mcr-1.26_1_NG_068217	polymyxin
mcr-1.27_1_NG_068218	polymyxin
OqxA_1_EU370913	amphenicol, quinolone, folate pathway antagonist
OqxB_1_EU370913	amphenicol, quinolone, folate pathway antagonist
bleO_1_AF051917	glycopeptide
NarA_1_MN590304	ionophores
NarB_1_MN590304	ionophores
blaBIM-1_1_CP016446	beta-lactam
blaBIC-2_1_OR143113	beta-lactam
blaIMP-1b_1_MK388919	beta-lactam
mcr-1.15_1_MG763897	polymyxin
mcr-1.16_1_MK568462	polymyxin
mcr-1.17_1_MK568463	polymyxin
mcr-1.18_1_PGLM01000025	polymyxin
mcr-1.19_1_MK490674	polymyxin
mcr-1.20_1_LS398440	polymyxin
mcr-1.21_1_MK965883	polymyxin
mcr-1.22_1_MN017134	polymyxin
mcr-1.23_1_MN873697	polymyxin
mcr-1.24_1_MN879257	polymyxin
mcr-1.25_1_MN879259	polymyxin
mcr-1.26_1_JAAGSA010000042	polymyxin
mcr-1.27_1_JAAGSB010000042	polymyxin
mcr-1.28_1_MT770924	polymyxin
mcr-1.31_1_MW940640	polymyxin
mcr-1.32_1_MF084991	polymyxin
mcr-1.33_1_OL624718	polymyxin
mcr-1.34_1_MZ450868	polymyxin
mcr-1.35_1_ON262566	polymyxin
mcr-1.36_1_OR438752	polymyxin
mcr-1.37_1_OR879175	polymyxin
mcr-2.3_1_NQCO02000001	polymyxin
mcr-2.8_1_MZ520325	polymyxin
mcr-3.26_1_MH371139	polymyxin
mcr-3.27_1_MH131694	polymyxin
mcr-3.28_1_MH522717	polymyxin
mcr-3.29_1_MK521074	polymyxin
mcr-3.30_1_MH536730	polymyxin
mcr-3.33_1_MT791039	polymyxin
mcr-3.34_1_MT791040	polymyxin
mcr-3.35_1_MT809044	polymyxin
mcr-3.36_1_MT809045	polymyxin
mcr-3.37_1_MT809047	polymyxin
mcr-3.38_1_MT787344	polymyxin
mcr-3.39_1_MT872721	polymyxin
mcr-3.40_1_MT872722	polymyxin
mcr-3.41_1_JACEGL010000001	polymyxin
mcr-3.42_1_OP297669	polymyxin
mcr-4.7_1_CP061706	polymyxin
mcr-4.8_1_OR438749	polymyxin
mcr-5.3_1_MG886287	polymyxin
mcr-5.4_1_MK965519	polymyxin
mcr-5.5_1_OR438751	polymyxin
mcr-8.2_1_MH638291	polymyxin
mcr-8.3_1_MH598530	polymyxin
mcr-8.4_1_MH791448	polymyxin
mcr-8.5_1_MN836537	polymyxin
mcr-10.2_1_JAGFWW010000009	polymyxin
mcr-10.3_1_JAGFWV010000051	polymyxin
mcr-10.4_1_JAGFWU010000059	polymyxin
mcr-10.5_1_OM638112	polymyxin
blaCAM-1_1_MG430339	beta-lactam
blaNDM-58_1_OR081828	beta-lactam
blaNDM-60_1_OR139852	beta-lactam
blaOXA-438_1_KP410734	beta-lactam
blaOXA-547_2_ON925022	beta-lactam
blaKPC-228_1_PP860922	beta-lactam
blaCMY-192_1_PP693800	beta-lactam
blaOXA-1186_1_PQ186078	beta-lactam
tet(39)_2_CP044518	tetracyclines
blaFRI-6_1_MK248729	beta-lactam
blaFRI-7_1_AP019534	beta-lactam
blaFRI-8_1_OK264410	beta-lactam
blaFRI-9_1_AP038771	beta-lactam
blaFRI-10_1_MW349709	beta-lactam
blaFRI-11_1_OP501653	beta-lactam
blaFRI-12_1_OP142442	beta-lactam
blaFLC-1_1_NG_065869	beta-lactam
CmlA10_1_AJ867810	phenicol
CmlA4_1_NG_047651	phenicol
CmlA5_1_NG_047653	phenicol
CmlA6_1_NG_047655	phenicol
CmlA7_1_JQ639792	phenicol
CmlA8_1_NG_051879	phenicol
CmlA9_1_JN406319	phenicol
CmlA2_1_NG_047657	phenicol
FloR_4_CP136914	phenicol
FloR_3_CP029595	phenicol
FloR_5_CP030849	phenicol
FloR_6_CP131474	phenicol
FloR_7_CP125947	phenicol
FloR_8_KU548456	phenicol
FloR_9_CP042967	phenicol
FloR_10_CP020121	phenicol
FloR_11_MG879028	phenicol
FloR_12_KX364409	phenicol
